feature,gain,model,test_year
s1_consensus_rank,36,ABILITY_MODEL,2023
s1_mean_rank,163,ABILITY_MODEL,2023
s1_rank_std,239,ABILITY_MODEL,2023
s1_best_rank,67,ABILITY_MODEL,2023
s1_worst_rank,54,ABILITY_MODEL,2023
s1_top1_votes,13,ABILITY_MODEL,2023
s1_top3_support,19,ABILITY_MODEL,2023
s1_top6_support,13,ABILITY_MODEL,2023
s1_mean_probability,295,ABILITY_MODEL,2023
s1_probability_std,429,ABILITY_MODEL,2023
s2_consensus_rank,27,ABILITY_MODEL,2023
s2_mean_rank,159,ABILITY_MODEL,2023
s2_rank_std,246,ABILITY_MODEL,2023
s2_best_rank,51,ABILITY_MODEL,2023
s2_worst_rank,58,ABILITY_MODEL,2023
s2_top1_votes,17,ABILITY_MODEL,2023
s2_top3_support,12,ABILITY_MODEL,2023
s2_top6_support,18,ABILITY_MODEL,2023
s2_mean_probability,223,ABILITY_MODEL,2023
s2_probability_std,448,ABILITY_MODEL,2023
s3_consensus_rank,35,ABILITY_MODEL,2023
s3_mean_rank,162,ABILITY_MODEL,2023
s3_rank_std,196,ABILITY_MODEL,2023
s3_best_rank,52,ABILITY_MODEL,2023
s3_worst_rank,50,ABILITY_MODEL,2023
s3_top1_votes,19,ABILITY_MODEL,2023
s3_top3_support,9,ABILITY_MODEL,2023
s3_top6_support,12,ABILITY_MODEL,2023
s3_mean_probability,209,ABILITY_MODEL,2023
s3_probability_std,448,ABILITY_MODEL,2023
field_size,0,ABILITY_MODEL,2023
rank_sum,158,ABILITY_MODEL,2023
rank_max,61,ABILITY_MODEL,2023
rank_min,31,ABILITY_MODEL,2023
rank_span,83,ABILITY_MODEL,2023
rank_order_12,67,ABILITY_MODEL,2023
rank_order_23,86,ABILITY_MODEL,2023
prob_sum,235,ABILITY_MODEL,2023
prob_product,297,ABILITY_MODEL,2023
prob_min,342,ABILITY_MODEL,2023
prob_max,294,ABILITY_MODEL,2023
prob_order_12,226,ABILITY_MODEL,2023
prob_order_23,274,ABILITY_MODEL,2023
rank_std_max,233,ABILITY_MODEL,2023
rank_std_mean,414,ABILITY_MODEL,2023
top3_support_sum,129,ABILITY_MODEL,2023
top6_support_sum,97,ABILITY_MODEL,2023
l17_order_score,394,ABILITY_MODEL,2023
s1_consensus_rank,36,MARKET_AWARE_MODEL,2023
s1_mean_rank,150,MARKET_AWARE_MODEL,2023
s1_rank_std,196,MARKET_AWARE_MODEL,2023
s1_best_rank,37,MARKET_AWARE_MODEL,2023
s1_worst_rank,53,MARKET_AWARE_MODEL,2023
s1_top1_votes,21,MARKET_AWARE_MODEL,2023
s1_top3_support,13,MARKET_AWARE_MODEL,2023
s1_top6_support,2,MARKET_AWARE_MODEL,2023
s1_mean_probability,203,MARKET_AWARE_MODEL,2023
s1_probability_std,283,MARKET_AWARE_MODEL,2023
s2_consensus_rank,26,MARKET_AWARE_MODEL,2023
s2_mean_rank,120,MARKET_AWARE_MODEL,2023
s2_rank_std,146,MARKET_AWARE_MODEL,2023
s2_best_rank,31,MARKET_AWARE_MODEL,2023
s2_worst_rank,32,MARKET_AWARE_MODEL,2023
s2_top1_votes,13,MARKET_AWARE_MODEL,2023
s2_top3_support,13,MARKET_AWARE_MODEL,2023
s2_top6_support,9,MARKET_AWARE_MODEL,2023
s2_mean_probability,138,MARKET_AWARE_MODEL,2023
s2_probability_std,343,MARKET_AWARE_MODEL,2023
s3_consensus_rank,34,MARKET_AWARE_MODEL,2023
s3_mean_rank,111,MARKET_AWARE_MODEL,2023
s3_rank_std,150,MARKET_AWARE_MODEL,2023
s3_best_rank,19,MARKET_AWARE_MODEL,2023
s3_worst_rank,34,MARKET_AWARE_MODEL,2023
s3_top1_votes,9,MARKET_AWARE_MODEL,2023
s3_top3_support,10,MARKET_AWARE_MODEL,2023
s3_top6_support,7,MARKET_AWARE_MODEL,2023
s3_mean_probability,178,MARKET_AWARE_MODEL,2023
s3_probability_std,294,MARKET_AWARE_MODEL,2023
field_size,0,MARKET_AWARE_MODEL,2023
rank_sum,207,MARKET_AWARE_MODEL,2023
rank_max,42,MARKET_AWARE_MODEL,2023
rank_min,40,MARKET_AWARE_MODEL,2023
rank_span,70,MARKET_AWARE_MODEL,2023
rank_order_12,44,MARKET_AWARE_MODEL,2023
rank_order_23,56,MARKET_AWARE_MODEL,2023
prob_sum,192,MARKET_AWARE_MODEL,2023
prob_product,208,MARKET_AWARE_MODEL,2023
prob_min,293,MARKET_AWARE_MODEL,2023
prob_max,214,MARKET_AWARE_MODEL,2023
prob_order_12,195,MARKET_AWARE_MODEL,2023
prob_order_23,213,MARKET_AWARE_MODEL,2023
rank_std_max,177,MARKET_AWARE_MODEL,2023
rank_std_mean,271,MARKET_AWARE_MODEL,2023
top3_support_sum,139,MARKET_AWARE_MODEL,2023
top6_support_sum,103,MARKET_AWARE_MODEL,2023
l17_order_score,295,MARKET_AWARE_MODEL,2023
market_q_norm,580,MARKET_AWARE_MODEL,2023
market_log_q,277,MARKET_AWARE_MODEL,2023
market_rank,345,MARKET_AWARE_MODEL,2023
market_rank_pct,528,MARKET_AWARE_MODEL,2023
s1_consensus_rank,28,ABILITY_MODEL,2024
s1_mean_rank,186,ABILITY_MODEL,2024
s1_rank_std,227,ABILITY_MODEL,2024
s1_best_rank,54,ABILITY_MODEL,2024
s1_worst_rank,57,ABILITY_MODEL,2024
s1_top1_votes,25,ABILITY_MODEL,2024
s1_top3_support,16,ABILITY_MODEL,2024
s1_top6_support,12,ABILITY_MODEL,2024
s1_mean_probability,264,ABILITY_MODEL,2024
s1_probability_std,444,ABILITY_MODEL,2024
s2_consensus_rank,24,ABILITY_MODEL,2024
s2_mean_rank,143,ABILITY_MODEL,2024
s2_rank_std,265,ABILITY_MODEL,2024
s2_best_rank,57,ABILITY_MODEL,2024
s2_worst_rank,59,ABILITY_MODEL,2024
s2_top1_votes,16,ABILITY_MODEL,2024
s2_top3_support,12,ABILITY_MODEL,2024
s2_top6_support,12,ABILITY_MODEL,2024
s2_mean_probability,204,ABILITY_MODEL,2024
s2_probability_std,438,ABILITY_MODEL,2024
s3_consensus_rank,44,ABILITY_MODEL,2024
s3_mean_rank,143,ABILITY_MODEL,2024
s3_rank_std,241,ABILITY_MODEL,2024
s3_best_rank,46,ABILITY_MODEL,2024
s3_worst_rank,66,ABILITY_MODEL,2024
s3_top1_votes,16,ABILITY_MODEL,2024
s3_top3_support,16,ABILITY_MODEL,2024
s3_top6_support,13,ABILITY_MODEL,2024
s3_mean_probability,218,ABILITY_MODEL,2024
s3_probability_std,424,ABILITY_MODEL,2024
field_size,0,ABILITY_MODEL,2024
rank_sum,220,ABILITY_MODEL,2024
rank_max,33,ABILITY_MODEL,2024
rank_min,37,ABILITY_MODEL,2024
rank_span,81,ABILITY_MODEL,2024
rank_order_12,69,ABILITY_MODEL,2024
rank_order_23,71,ABILITY_MODEL,2024
prob_sum,251,ABILITY_MODEL,2024
prob_product,354,ABILITY_MODEL,2024
prob_min,326,ABILITY_MODEL,2024
prob_max,269,ABILITY_MODEL,2024
prob_order_12,258,ABILITY_MODEL,2024
prob_order_23,230,ABILITY_MODEL,2024
rank_std_max,233,ABILITY_MODEL,2024
rank_std_mean,347,ABILITY_MODEL,2024
top3_support_sum,151,ABILITY_MODEL,2024
top6_support_sum,67,ABILITY_MODEL,2024
l17_order_score,433,ABILITY_MODEL,2024
s1_consensus_rank,36,MARKET_AWARE_MODEL,2024
s1_mean_rank,114,MARKET_AWARE_MODEL,2024
s1_rank_std,191,MARKET_AWARE_MODEL,2024
s1_best_rank,55,MARKET_AWARE_MODEL,2024
s1_worst_rank,27,MARKET_AWARE_MODEL,2024
s1_top1_votes,27,MARKET_AWARE_MODEL,2024
s1_top3_support,13,MARKET_AWARE_MODEL,2024
s1_top6_support,5,MARKET_AWARE_MODEL,2024
s1_mean_probability,176,MARKET_AWARE_MODEL,2024
s1_probability_std,287,MARKET_AWARE_MODEL,2024
s2_consensus_rank,15,MARKET_AWARE_MODEL,2024
s2_mean_rank,112,MARKET_AWARE_MODEL,2024
s2_rank_std,146,MARKET_AWARE_MODEL,2024
s2_best_rank,53,MARKET_AWARE_MODEL,2024
s2_worst_rank,20,MARKET_AWARE_MODEL,2024
s2_top1_votes,13,MARKET_AWARE_MODEL,2024
s2_top3_support,17,MARKET_AWARE_MODEL,2024
s2_top6_support,9,MARKET_AWARE_MODEL,2024
s2_mean_probability,149,MARKET_AWARE_MODEL,2024
s2_probability_std,311,MARKET_AWARE_MODEL,2024
s3_consensus_rank,34,MARKET_AWARE_MODEL,2024
s3_mean_rank,93,MARKET_AWARE_MODEL,2024
s3_rank_std,141,MARKET_AWARE_MODEL,2024
s3_best_rank,29,MARKET_AWARE_MODEL,2024
s3_worst_rank,35,MARKET_AWARE_MODEL,2024
s3_top1_votes,10,MARKET_AWARE_MODEL,2024
s3_top3_support,2,MARKET_AWARE_MODEL,2024
s3_top6_support,8,MARKET_AWARE_MODEL,2024
s3_mean_probability,133,MARKET_AWARE_MODEL,2024
s3_probability_std,258,MARKET_AWARE_MODEL,2024
field_size,0,MARKET_AWARE_MODEL,2024
rank_sum,208,MARKET_AWARE_MODEL,2024
rank_max,33,MARKET_AWARE_MODEL,2024
rank_min,32,MARKET_AWARE_MODEL,2024
rank_span,51,MARKET_AWARE_MODEL,2024
rank_order_12,39,MARKET_AWARE_MODEL,2024
rank_order_23,40,MARKET_AWARE_MODEL,2024
prob_sum,167,MARKET_AWARE_MODEL,2024
prob_product,272,MARKET_AWARE_MODEL,2024
prob_min,300,MARKET_AWARE_MODEL,2024
prob_max,167,MARKET_AWARE_MODEL,2024
prob_order_12,190,MARKET_AWARE_MODEL,2024
prob_order_23,194,MARKET_AWARE_MODEL,2024
rank_std_max,145,MARKET_AWARE_MODEL,2024
rank_std_mean,250,MARKET_AWARE_MODEL,2024
top3_support_sum,124,MARKET_AWARE_MODEL,2024
top6_support_sum,66,MARKET_AWARE_MODEL,2024
l17_order_score,322,MARKET_AWARE_MODEL,2024
market_q_norm,790,MARKET_AWARE_MODEL,2024
market_log_q,243,MARKET_AWARE_MODEL,2024
market_rank,433,MARKET_AWARE_MODEL,2024
market_rank_pct,615,MARKET_AWARE_MODEL,2024
s1_consensus_rank,25,ABILITY_MODEL,2025
s1_mean_rank,173,ABILITY_MODEL,2025
s1_rank_std,250,ABILITY_MODEL,2025
s1_best_rank,55,ABILITY_MODEL,2025
s1_worst_rank,38,ABILITY_MODEL,2025
s1_top1_votes,16,ABILITY_MODEL,2025
s1_top3_support,21,ABILITY_MODEL,2025
s1_top6_support,10,ABILITY_MODEL,2025
s1_mean_probability,270,ABILITY_MODEL,2025
s1_probability_std,427,ABILITY_MODEL,2025
s2_consensus_rank,26,ABILITY_MODEL,2025
s2_mean_rank,166,ABILITY_MODEL,2025
s2_rank_std,238,ABILITY_MODEL,2025
s2_best_rank,62,ABILITY_MODEL,2025
s2_worst_rank,58,ABILITY_MODEL,2025
s2_top1_votes,13,ABILITY_MODEL,2025
s2_top3_support,15,ABILITY_MODEL,2025
s2_top6_support,9,ABILITY_MODEL,2025
s2_mean_probability,239,ABILITY_MODEL,2025
s2_probability_std,426,ABILITY_MODEL,2025
s3_consensus_rank,34,ABILITY_MODEL,2025
s3_mean_rank,158,ABILITY_MODEL,2025
s3_rank_std,201,ABILITY_MODEL,2025
s3_best_rank,49,ABILITY_MODEL,2025
s3_worst_rank,57,ABILITY_MODEL,2025
s3_top1_votes,14,ABILITY_MODEL,2025
s3_top3_support,17,ABILITY_MODEL,2025
s3_top6_support,24,ABILITY_MODEL,2025
s3_mean_probability,209,ABILITY_MODEL,2025
s3_probability_std,452,ABILITY_MODEL,2025
field_size,0,ABILITY_MODEL,2025
rank_sum,224,ABILITY_MODEL,2025
rank_max,55,ABILITY_MODEL,2025
rank_min,28,ABILITY_MODEL,2025
rank_span,92,ABILITY_MODEL,2025
rank_order_12,79,ABILITY_MODEL,2025
rank_order_23,72,ABILITY_MODEL,2025
prob_sum,291,ABILITY_MODEL,2025
prob_product,349,ABILITY_MODEL,2025
prob_min,327,ABILITY_MODEL,2025
prob_max,240,ABILITY_MODEL,2025
prob_order_12,225,ABILITY_MODEL,2025
prob_order_23,247,ABILITY_MODEL,2025
rank_std_max,229,ABILITY_MODEL,2025
rank_std_mean,349,ABILITY_MODEL,2025
top3_support_sum,114,ABILITY_MODEL,2025
top6_support_sum,73,ABILITY_MODEL,2025
l17_order_score,454,ABILITY_MODEL,2025
s1_consensus_rank,21,MARKET_AWARE_MODEL,2025
s1_mean_rank,129,MARKET_AWARE_MODEL,2025
s1_rank_std,126,MARKET_AWARE_MODEL,2025
s1_best_rank,55,MARKET_AWARE_MODEL,2025
s1_worst_rank,29,MARKET_AWARE_MODEL,2025
s1_top1_votes,30,MARKET_AWARE_MODEL,2025
s1_top3_support,10,MARKET_AWARE_MODEL,2025
s1_top6_support,7,MARKET_AWARE_MODEL,2025
s1_mean_probability,182,MARKET_AWARE_MODEL,2025
s1_probability_std,236,MARKET_AWARE_MODEL,2025
s2_consensus_rank,14,MARKET_AWARE_MODEL,2025
s2_mean_rank,98,MARKET_AWARE_MODEL,2025
s2_rank_std,99,MARKET_AWARE_MODEL,2025
s2_best_rank,35,MARKET_AWARE_MODEL,2025
s2_worst_rank,26,MARKET_AWARE_MODEL,2025
s2_top1_votes,18,MARKET_AWARE_MODEL,2025
s2_top3_support,14,MARKET_AWARE_MODEL,2025
s2_top6_support,5,MARKET_AWARE_MODEL,2025
s2_mean_probability,153,MARKET_AWARE_MODEL,2025
s2_probability_std,238,MARKET_AWARE_MODEL,2025
s3_consensus_rank,16,MARKET_AWARE_MODEL,2025
s3_mean_rank,92,MARKET_AWARE_MODEL,2025
s3_rank_std,134,MARKET_AWARE_MODEL,2025
s3_best_rank,22,MARKET_AWARE_MODEL,2025
s3_worst_rank,39,MARKET_AWARE_MODEL,2025
s3_top1_votes,11,MARKET_AWARE_MODEL,2025
s3_top3_support,9,MARKET_AWARE_MODEL,2025
s3_top6_support,9,MARKET_AWARE_MODEL,2025
s3_mean_probability,167,MARKET_AWARE_MODEL,2025
s3_probability_std,265,MARKET_AWARE_MODEL,2025
field_size,0,MARKET_AWARE_MODEL,2025
rank_sum,233,MARKET_AWARE_MODEL,2025
rank_max,45,MARKET_AWARE_MODEL,2025
rank_min,45,MARKET_AWARE_MODEL,2025
rank_span,68,MARKET_AWARE_MODEL,2025
rank_order_12,33,MARKET_AWARE_MODEL,2025
rank_order_23,43,MARKET_AWARE_MODEL,2025
prob_sum,169,MARKET_AWARE_MODEL,2025
prob_product,232,MARKET_AWARE_MODEL,2025
prob_min,270,MARKET_AWARE_MODEL,2025
prob_max,158,MARKET_AWARE_MODEL,2025
prob_order_12,171,MARKET_AWARE_MODEL,2025
prob_order_23,190,MARKET_AWARE_MODEL,2025
rank_std_max,155,MARKET_AWARE_MODEL,2025
rank_std_mean,215,MARKET_AWARE_MODEL,2025
top3_support_sum,114,MARKET_AWARE_MODEL,2025
top6_support_sum,39,MARKET_AWARE_MODEL,2025
l17_order_score,402,MARKET_AWARE_MODEL,2025
market_q_norm,774,MARKET_AWARE_MODEL,2025
market_log_q,371,MARKET_AWARE_MODEL,2025
market_rank,510,MARKET_AWARE_MODEL,2025
market_rank_pct,674,MARKET_AWARE_MODEL,2025
