test_year,model,ticket_odds_band,tickets,hits,market_binary_log_loss,model_binary_log_loss,delta_binary_log_loss,market_brier,model_brier,delta_brier
2024,DIRECTIONAL_COMBINED,LT10,8258,1190,0.3976098546888906,0.39776441487107456,0.0001545601821839604,0.11908860129872915,0.11911985840430332,3.1257105574167277e-05
2024,DIRECTIONAL_COMBINED,10_30,26430,1160,0.17793161247654873,0.1779304640412123,-1.1484353364399347e-06,0.041771314867627744,0.04176966505617135,-1.6498114563945343e-06
2024,DIRECTIONAL_COMBINED,30_100,53419,721,0.0708035330337608,0.07084145115323932,3.7918119478522194e-05,0.013294940130328711,0.013296889192075358,1.9490617466470794e-06
2024,DIRECTIONAL_COMBINED,100_PLUS,222268,376,0.011596675513776371,0.011589458173579505,-7.217340196865804e-06,0.0016854754442319885,0.001685487128540085,1.1684308096580887e-08
2024,UP_ONLY_ONLY,LT10,8258,1190,0.3976098546888906,0.3976039332135635,-5.921475327075321e-06,0.11908860129872915,0.1190852802411235,-3.3210576056569296e-06
2024,UP_ONLY_ONLY,10_30,26430,1160,0.17793161247654873,0.1779256842868268,-5.928189721920996e-06,0.041771314867627744,0.041770075484142195,-1.2393834855489727e-06
2024,UP_ONLY_ONLY,30_100,53419,721,0.0708035330337608,0.07082087122717354,1.7338193412735903e-05,0.013294940130328711,0.013295571203624637,6.310732959258214e-07
2024,UP_ONLY_ONLY,100_PLUS,222268,376,0.011596675513776371,0.011589170807028915,-7.504706747455889e-06,0.0016854754442319885,0.0016854517207491072,-2.37234828812799e-08
2024,DOWN_ONLY_ONLY,LT10,8258,1190,0.3976098546888906,0.39777055921793736,0.00016070452904676236,0.11908860129872915,0.11912320478457507,3.460348584591322e-05
2024,DOWN_ONLY_ONLY,10_30,26430,1160,0.17793161247654873,0.1779364832981419,4.870821593172536e-06,0.041771314867627744,0.041770880280090676,-4.34587537068154e-07
2024,DOWN_ONLY_ONLY,30_100,53419,721,0.0708035330337608,0.07082413430660704,2.0601272846240692e-05,0.013294940130328711,0.013296254236583097,1.3141062543860216e-06
2024,DOWN_ONLY_ONLY,100_PLUS,222268,376,0.011596675513776371,0.011596953508455994,2.779946796233057e-07,0.0016854754442319885,0.001685510856287123,3.541205513437999e-08
2024,MIXED_ONLY,LT10,8258,1190,0.3976098546888906,0.39760985468889065,5.551115123125783e-17,0.11908860129872915,0.11908860129872915,0.0
2024,MIXED_ONLY,10_30,26430,1160,0.17793161247654873,0.17793161247654873,0.0,0.041771314867627744,0.041771314867627744,0.0
2024,MIXED_ONLY,30_100,53419,721,0.0708035330337608,0.0708035330337608,0.0,0.013294940130328711,0.013294940130328711,0.0
2024,MIXED_ONLY,100_PLUS,222268,376,0.011596675513776371,0.011596675513776371,0.0,0.0016854754442319885,0.0016854754442319885,0.0
2025,DIRECTIONAL_COMBINED,LT10,7889,1131,0.39299002626654644,0.39295567421239325,-3.43520541531972e-05,0.11743305969228823,0.11742671687068297,-6.34282160526245e-06
2025,DIRECTIONAL_COMBINED,10_30,26787,1138,0.17414626292277213,0.17413025799979298,-1.600492297915146e-05,0.04054183365564132,0.040540847949733116,-9.85705908201906e-07
2025,DIRECTIONAL_COMBINED,30_100,55188,762,0.07187327388437495,0.07187440957995148,1.1356955765262633e-06,0.013588755648509976,0.013588856097569985,1.0044906000906961e-07
2025,DIRECTIONAL_COMBINED,100_PLUS,229171,413,0.012266706349340161,0.01226380876331879,-2.897586021372023e-06,0.0017952165428037864,0.001795205722125935,-1.0820677851354835e-08
2025,UP_ONLY_ONLY,LT10,7889,1131,0.39299002626654644,0.39298656108348734,-3.4651830591037047e-06,0.11743305969228823,0.11743234860398823,-7.11088300006657e-07
2025,UP_ONLY_ONLY,10_30,26787,1138,0.17414626292277213,0.17414741207053563,1.1491477635017233e-06,0.04054183365564132,0.040542123954548856,2.902989075376228e-07
2025,UP_ONLY_ONLY,30_100,55188,762,0.07187327388437495,0.07187250011766631,-7.737667086366029e-07,0.013588755648509976,0.013588745670384731,-9.9781252444614e-09
2025,UP_ONLY_ONLY,100_PLUS,229171,413,0.012266706349340161,0.012265876469667945,-8.298796722160801e-07,0.0017952165428037864,0.001795216822924624,2.801208375501074e-10
2025,DOWN_ONLY_ONLY,LT10,7889,1131,0.39299002626654644,0.3929591171008768,-3.090916566966806e-05,0.11743305969228823,0.11742741551996462,-5.644172323612806e-06
2025,DOWN_ONLY_ONLY,10_30,26787,1138,0.17414626292277213,0.17412910052925992,-1.716239351221005e-05,0.04054183365564132,0.04054055792118988,-1.2757344514391367e-06
2025,DOWN_ONLY_ONLY,30_100,55188,762,0.07187327388437495,0.07187517923926853,1.9053548935832332e-06,0.013588755648509976,0.013588865889145344,1.1024063536861639e-07
2025,DOWN_ONLY_ONLY,100_PLUS,229171,413,0.012266706349340161,0.012264635737011578,-2.070612328583521e-06,0.0017952165428037864,0.0017952054357429032,-1.1107060883227063e-08
2025,MIXED_ONLY,LT10,7889,1131,0.39299002626654644,0.39299002626654644,0.0,0.11743305969228823,0.11743305969228823,0.0
2025,MIXED_ONLY,10_30,26787,1138,0.17414626292277213,0.17414626292277213,0.0,0.04054183365564132,0.04054183365564132,0.0
2025,MIXED_ONLY,30_100,55188,762,0.07187327388437495,0.07187327388437495,0.0,0.013588755648509976,0.013588755648509976,0.0
2025,MIXED_ONLY,100_PLUS,229171,413,0.012266706349340161,0.012266706349340161,0.0,0.0017952165428037864,0.0017952165428037864,0.0
