test_year,family,subset,bet_type,races,nll,base_pl_nll,delta_vs_base,sigma,lambda,df
2023,BASE_PL,ALL,WIN,3456,2.094446771062918,2.094446771062918,0.0,0.0,0.0,
2023,BASE_PL,ALL,EXACTA,3456,4.247969057920027,4.247969057920027,0.0,0.0,0.0,
2023,BASE_PL,ALL,TRIO,3456,4.666566976368864,4.666566976368864,0.0,0.0,0.0,
2023,BASE_PL,ALL,TRIFECTA,3456,6.409228986741567,6.409228986741567,0.0,0.0,0.0,
2023,BASE_PL,TAIL11_TRUE,WIN,635,2.500469188265345,2.500469188265345,0.0,0.0,0.0,
2023,BASE_PL,TAIL11_TRUE,EXACTA,635,5.255305428800379,5.255305428800379,0.0,0.0,0.0,
2023,BASE_PL,TAIL11_TRUE,TRIO,635,6.377708700508769,6.377708700508769,0.0,0.0,0.0,
2023,BASE_PL,TAIL11_TRUE,TRIFECTA,635,8.124477827329835,8.124477827329835,0.0,0.0,0.0,
2023,BASE_PL,KING1_MISS_TOP3_TRUE,WIN,1428,2.427738790106255,2.427738790106255,0.0,0.0,0.0,
2023,BASE_PL,KING1_MISS_TOP3_TRUE,EXACTA,1428,4.904367670688896,4.904367670688896,0.0,0.0,0.0,
2023,BASE_PL,KING1_MISS_TOP3_TRUE,TRIO,1428,5.629708384301399,5.629708384301399,0.0,0.0,0.0,
2023,BASE_PL,KING1_MISS_TOP3_TRUE,TRIFECTA,1428,7.396491027288258,7.396491027288258,0.0,0.0,0.0,
2023,BASE_PL,NEITHER_STRESS,WIN,1760,1.8118604733206616,1.8118604733206616,0.0,0.0,0.0,
2023,BASE_PL,NEITHER_STRESS,EXACTA,1760,3.6432365123871517,3.6432365123871517,0.0,0.0,0.0,
2023,BASE_PL,NEITHER_STRESS,TRIO,1760,3.729822404002218,3.729822404002218,0.0,0.0,0.0,
2023,BASE_PL,NEITHER_STRESS,TRIFECTA,1760,5.456321018432081,5.456321018432081,0.0,0.0,0.0,
2023,NORMAL_HOMO,ALL,WIN,3456,2.094919347603344,2.094446771062918,0.00047257654042587305,0.2,0.0,
2023,NORMAL_HOMO,ALL,EXACTA,3456,4.248192822215245,4.247969057920027,0.00022376429521742125,0.2,0.0,
2023,NORMAL_HOMO,ALL,TRIO,3456,4.665834152545129,4.666566976368864,-0.0007328238237356288,0.2,0.0,
2023,NORMAL_HOMO,ALL,TRIFECTA,3456,6.407886455847154,6.409228986741567,-0.001342530894413052,0.2,0.0,
2023,NORMAL_HOMO,TAIL11_TRUE,WIN,635,2.500265972101322,2.500469188265345,-0.00020321616402307896,0.2,0.0,
2023,NORMAL_HOMO,TAIL11_TRUE,EXACTA,635,5.252602442301943,5.255305428800379,-0.002702986498436033,0.2,0.0,
2023,NORMAL_HOMO,TAIL11_TRUE,TRIO,635,6.370935308742231,6.377708700508769,-0.006773391766538239,0.2,0.0,
2023,NORMAL_HOMO,TAIL11_TRUE,TRIFECTA,635,8.116764934902168,8.124477827329835,-0.007712892427667484,0.2,0.0,
2023,NORMAL_HOMO,KING1_MISS_TOP3_TRUE,WIN,1428,2.426700019948592,2.427738790106255,-0.0010387701576628494,0.2,0.0,
2023,NORMAL_HOMO,KING1_MISS_TOP3_TRUE,EXACTA,1428,4.900087258431623,4.904367670688896,-0.0042804122572732695,0.2,0.0,
2023,NORMAL_HOMO,KING1_MISS_TOP3_TRUE,TRIO,1428,5.619495053753302,5.629708384301399,-0.0102133305480967,0.2,0.0,
2023,NORMAL_HOMO,KING1_MISS_TOP3_TRUE,TRIFECTA,1428,7.385665392281704,7.396491027288258,-0.010825635006553647,0.2,0.0,
2023,NORMAL_HOMO,NEITHER_STRESS,WIN,1760,1.8134255456825397,1.8118604733206616,0.0015650723618780837,0.2,0.0,
2023,NORMAL_HOMO,NEITHER_STRESS,EXACTA,1760,3.646995703380187,3.6432365123871517,0.003759190993035233,0.2,0.0,
2023,NORMAL_HOMO,NEITHER_STRESS,TRIO,1760,3.7365955769749903,3.729822404002218,0.006773172972772468,0.2,0.0,
2023,NORMAL_HOMO,NEITHER_STRESS,TRIFECTA,1760,5.462571539582636,5.456321018432081,0.006250521150555244,0.2,0.0,
2023,NORMAL_HETERO,ALL,WIN,3456,2.0958972714784494,2.094446771062918,0.0014505004155314083,0.2,1.5,
2023,NORMAL_HETERO,ALL,EXACTA,3456,4.248902193646089,4.247969057920027,0.0009331357260613515,0.2,1.5,
2023,NORMAL_HETERO,ALL,TRIO,3456,4.664789708004177,4.666566976368864,-0.001777268364687501,0.2,1.5,
2023,NORMAL_HETERO,ALL,TRIFECTA,3456,6.405995197467552,6.409228986741567,-0.0032337892740148533,0.2,1.5,
2023,NORMAL_HETERO,TAIL11_TRUE,WIN,635,2.502763932681373,2.500469188265345,0.0022947444160279495,0.2,1.5,
2023,NORMAL_HETERO,TAIL11_TRUE,EXACTA,635,5.253203902674475,5.255305428800379,-0.002101526125904307,0.2,1.5,
2023,NORMAL_HETERO,TAIL11_TRUE,TRIO,635,6.367215444390541,6.377708700508769,-0.010493256118228267,0.2,1.5,
2023,NORMAL_HETERO,TAIL11_TRUE,TRIFECTA,635,8.11172506760266,8.124477827329835,-0.012752759727176155,0.2,1.5,
2023,NORMAL_HETERO,KING1_MISS_TOP3_TRUE,WIN,1428,2.422509771877821,2.427738790106255,-0.005229018228433802,0.2,1.5,
2023,NORMAL_HETERO,KING1_MISS_TOP3_TRUE,EXACTA,1428,4.889416087687366,4.904367670688896,-0.014951583001530544,0.2,1.5,
2023,NORMAL_HETERO,KING1_MISS_TOP3_TRUE,TRIO,1428,5.59857685650423,5.629708384301399,-0.03113152779716888,0.2,1.5,
2023,NORMAL_HETERO,KING1_MISS_TOP3_TRUE,TRIFECTA,1428,7.3637012615560975,7.396491027288258,-0.032789765732160525,0.2,1.5,
2023,NORMAL_HETERO,NEITHER_STRESS,WIN,1760,1.8177264048504695,1.8118604733206616,0.005865931529807966,0.2,1.5,
2023,NORMAL_HETERO,NEITHER_STRESS,EXACTA,1760,3.65547943628766,3.6432365123871517,0.012242923900508185,0.2,1.5,
2023,NORMAL_HETERO,NEITHER_STRESS,TRIO,1760,3.749410114290157,3.729822404002218,0.019587710287939153,0.2,1.5,
2023,NORMAL_HETERO,NEITHER_STRESS,TRIFECTA,1760,5.474893592216973,5.456321018432081,0.0185725737848923,0.2,1.5,
2023,STUDENTT_HETERO,ALL,WIN,3456,2.0964078048268298,2.094446771062918,0.001961033763911768,0.3,0.75,5.0
2023,STUDENTT_HETERO,ALL,EXACTA,3456,4.24916679124649,4.247969057920027,0.001197733326463002,0.3,0.75,5.0
2023,STUDENTT_HETERO,ALL,TRIO,3456,4.66424304237421,4.666566976368864,-0.002323933994654581,0.3,0.75,5.0
2023,STUDENTT_HETERO,ALL,TRIFECTA,3456,6.404931941341561,6.409228986741567,-0.004297045400006638,0.3,0.75,5.0
2023,STUDENTT_HETERO,TAIL11_TRUE,WIN,635,2.501828389645133,2.500469188265345,0.0013592013797882885,0.3,0.75,5.0
2023,STUDENTT_HETERO,TAIL11_TRUE,EXACTA,635,5.248531832062298,5.255305428800379,-0.006773596738081089,0.3,0.75,5.0
2023,STUDENTT_HETERO,TAIL11_TRUE,TRIO,635,6.357133501842973,6.377708700508769,-0.020575198665796712,0.3,0.75,5.0
2023,STUDENTT_HETERO,TAIL11_TRUE,TRIFECTA,635,8.101042200680155,8.124477827329835,-0.023435626649680685,0.3,0.75,5.0
2023,STUDENTT_HETERO,KING1_MISS_TOP3_TRUE,WIN,1428,2.4216161320533898,2.427738790106255,-0.006122658052865049,0.3,0.75,5.0
2023,STUDENTT_HETERO,KING1_MISS_TOP3_TRUE,EXACTA,1428,4.885429533981474,4.904367670688896,-0.018938136707421727,0.3,0.75,5.0
2023,STUDENTT_HETERO,KING1_MISS_TOP3_TRUE,TRIO,1428,5.589698919137432,5.629708384301399,-0.04000946516396642,0.3,0.75,5.0
2023,STUDENTT_HETERO,KING1_MISS_TOP3_TRUE,TRIFECTA,1428,7.354386712741252,7.396491027288258,-0.04210431454700636,0.3,0.75,5.0
2023,STUDENTT_HETERO,NEITHER_STRESS,WIN,1760,1.8193107893745344,1.8118604733206616,0.0074503160538728075,0.3,0.75,5.0
2023,STUDENTT_HETERO,NEITHER_STRESS,EXACTA,1760,3.6593815300826034,3.6432365123871517,0.016145017695451624,0.3,0.75,5.0
2023,STUDENTT_HETERO,NEITHER_STRESS,TRIO,1760,3.7560341641139754,3.729822404002218,0.02621176011175752,0.3,0.75,5.0
2023,STUDENTT_HETERO,NEITHER_STRESS,TRIFECTA,1760,5.4809957706139345,5.456321018432081,0.024674752181853776,0.3,0.75,5.0
2024,BASE_PL,ALL,WIN,3456,2.0787073973921273,2.0787073973921273,0.0,0.0,0.0,
2024,BASE_PL,ALL,EXACTA,3456,4.197429197676684,4.197429197676684,0.0,0.0,0.0,
2024,BASE_PL,ALL,TRIO,3456,4.612787053482635,4.612787053482635,0.0,0.0,0.0,
2024,BASE_PL,ALL,TRIFECTA,3456,6.35023719663916,6.35023719663916,0.0,0.0,0.0,
2024,BASE_PL,TAIL11_TRUE,WIN,645,2.5185214144662895,2.5185214144662895,0.0,0.0,0.0,
2024,BASE_PL,TAIL11_TRUE,EXACTA,645,5.191104474032117,5.191104474032117,0.0,0.0,0.0,
2024,BASE_PL,TAIL11_TRUE,TRIO,645,6.413852005036921,6.413852005036921,0.0,0.0,0.0,
2024,BASE_PL,TAIL11_TRUE,TRIFECTA,645,8.15181544457945,8.15181544457945,0.0,0.0,0.0,
2024,BASE_PL,KING1_MISS_TOP3_TRUE,WIN,1387,2.4273158880790655,2.4273158880790655,0.0,0.0,0.0,
2024,BASE_PL,KING1_MISS_TOP3_TRUE,EXACTA,1387,4.8939331552931495,4.8939331552931495,0.0,0.0,0.0,
2024,BASE_PL,KING1_MISS_TOP3_TRUE,TRIO,1387,5.61467457324698,5.61467457324698,0.0,0.0,0.0,
2024,BASE_PL,KING1_MISS_TOP3_TRUE,TRIFECTA,1387,7.38101481489822,7.38101481489822,0.0,0.0,0.0,
2024,BASE_PL,NEITHER_STRESS,WIN,1783,1.7899019727959398,1.7899019727959398,0.0,0.0,0.0,
2024,BASE_PL,NEITHER_STRESS,EXACTA,1783,3.5915890462267317,3.5915890462267317,0.0,0.0,0.0,
2024,BASE_PL,NEITHER_STRESS,TRIO,1783,3.6613733038119705,3.6613733038119705,0.0,0.0,0.0,
2024,BASE_PL,NEITHER_STRESS,TRIFECTA,1783,5.381117062506638,5.381117062506638,0.0,0.0,0.0,
2024,NORMAL_HOMO,ALL,WIN,3456,2.0806303125481067,2.0787073973921273,0.001922915155979421,0.4,0.0,
2024,NORMAL_HOMO,ALL,EXACTA,3456,4.198884534237536,4.197429197676684,0.0014553365608511726,0.4,0.0,
2024,NORMAL_HOMO,ALL,TRIO,3456,4.610464952574501,4.612787053482635,-0.002322100908133784,0.4,0.0,
2024,NORMAL_HOMO,ALL,TRIFECTA,3456,6.345990898953122,6.35023719663916,-0.004246297686037792,0.4,0.0,
2024,NORMAL_HOMO,TAIL11_TRUE,WIN,645,2.5181031313332767,2.5185214144662895,-0.00041828313301284226,0.4,0.0,
2024,NORMAL_HOMO,TAIL11_TRUE,EXACTA,645,5.183231615030052,5.191104474032117,-0.007872859002064914,0.4,0.0,
2024,NORMAL_HOMO,TAIL11_TRUE,TRIO,645,6.388494082769601,6.413852005036921,-0.02535792226732081,0.4,0.0,
2024,NORMAL_HOMO,TAIL11_TRUE,TRIFECTA,645,8.12286465286027,8.15181544457945,-0.028950791719179136,0.4,0.0,
2024,NORMAL_HOMO,KING1_MISS_TOP3_TRUE,WIN,1387,2.423139366927841,2.4273158880790655,-0.004176521151224577,0.4,0.0,
2024,NORMAL_HOMO,KING1_MISS_TOP3_TRUE,EXACTA,1387,4.876650782050753,4.8939331552931495,-0.017282373242396787,0.4,0.0,
2024,NORMAL_HOMO,KING1_MISS_TOP3_TRUE,TRIO,1387,5.574437833949789,5.61467457324698,-0.04023673929719074,0.4,0.0,
2024,NORMAL_HOMO,KING1_MISS_TOP3_TRUE,TRIFECTA,1387,7.338553847022614,7.38101481489822,-0.04246096787560649,0.4,0.0,
2024,NORMAL_HOMO,NEITHER_STRESS,WIN,1783,1.7960633526910097,1.7899019727959398,0.0061613798950699294,0.4,0.0,
2024,NORMAL_HOMO,NEITHER_STRESS,EXACTA,1783,3.6066859420601487,3.5915890462267317,0.015096895833417001,0.4,0.0,
2024,NORMAL_HOMO,NEITHER_STRESS,TRIO,1783,3.688050670892235,3.6613733038119705,0.02667736708026469,0.4,0.0,
2024,NORMAL_HOMO,NEITHER_STRESS,TRIFECTA,1783,5.406461583791692,5.381117062506638,0.025344521285053823,0.4,0.0,
2024,NORMAL_HETERO,ALL,WIN,3456,2.0800528573051174,2.0787073973921273,0.0013454599129900657,0.2,1.5,
2024,NORMAL_HETERO,ALL,EXACTA,3456,4.198418336335592,4.197429197676684,0.0009891386589071516,0.2,1.5,
2024,NORMAL_HETERO,ALL,TRIO,3456,4.610892539277883,4.612787053482635,-0.0018945142047526176,0.2,1.5,
2024,NORMAL_HETERO,ALL,TRIFECTA,3456,6.347173364777297,6.35023719663916,-0.0030638318618629867,0.2,1.5,
2024,NORMAL_HETERO,TAIL11_TRUE,WIN,645,2.51982457864306,2.5185214144662895,0.001303164176770455,0.2,1.5,
2024,NORMAL_HETERO,TAIL11_TRUE,EXACTA,645,5.189901873573804,5.191104474032117,-0.0012026004583125527,0.2,1.5,
2024,NORMAL_HETERO,TAIL11_TRUE,TRIO,645,6.404032833191853,6.413852005036921,-0.009819171845068198,0.2,1.5,
2024,NORMAL_HETERO,TAIL11_TRUE,TRIFECTA,645,8.13913533929376,8.15181544457945,-0.01268010528568908,0.2,1.5,
2024,NORMAL_HETERO,KING1_MISS_TOP3_TRUE,WIN,1387,2.4214080230744757,2.4273158880790655,-0.005907865004589841,0.2,1.5,
2024,NORMAL_HETERO,KING1_MISS_TOP3_TRUE,EXACTA,1387,4.877773920610685,4.8939331552931495,-0.016159234682464607,0.2,1.5,
2024,NORMAL_HETERO,KING1_MISS_TOP3_TRUE,TRIO,1387,5.5836838438255745,5.61467457324698,-0.030990729421405128,0.2,1.5,
2024,NORMAL_HETERO,KING1_MISS_TOP3_TRUE,TRIFECTA,1387,7.347789442476737,7.38101481489822,-0.03322537242148371,0.2,1.5,
2024,NORMAL_HETERO,NEITHER_STRESS,WIN,1783,1.7955731704707725,1.7899019727959398,0.005671197674832706,0.2,1.5,
2024,NORMAL_HETERO,NEITHER_STRESS,EXACTA,1783,3.603496942191738,3.5915890462267317,0.01190789596500652,0.2,1.5,
2024,NORMAL_HETERO,NEITHER_STRESS,TRIO,1783,3.679754267859952,3.6613733038119705,0.018380964047981507,0.2,1.5,
2024,NORMAL_HETERO,NEITHER_STRESS,TRIFECTA,1783,5.399274566562789,5.381117062506638,0.01815750405615102,0.2,1.5,
2024,STUDENTT_HETERO,ALL,WIN,3456,2.0809390049391214,2.0787073973921273,0.002231607546994141,0.3,0.75,5.0
2024,STUDENTT_HETERO,ALL,EXACTA,3456,4.1992382688301575,4.197429197676684,0.001809071153473063,0.3,0.75,5.0
2024,STUDENTT_HETERO,ALL,TRIO,3456,4.610658551050965,4.612787053482635,-0.002128502431670398,0.3,0.75,5.0
2024,STUDENTT_HETERO,ALL,TRIFECTA,3456,6.3467251078446045,6.35023719663916,-0.0035120887945554458,0.3,0.75,5.0
2024,STUDENTT_HETERO,TAIL11_TRUE,WIN,645,2.51966418733317,2.5185214144662895,0.0011427728668804704,0.3,0.75,5.0
2024,STUDENTT_HETERO,TAIL11_TRUE,EXACTA,645,5.186292421112529,5.191104474032117,-0.0048120529195880835,0.3,0.75,5.0
2024,STUDENTT_HETERO,TAIL11_TRUE,TRIO,645,6.39370906303048,6.413852005036921,-0.020142942006441622,0.3,0.75,5.0
2024,STUDENTT_HETERO,TAIL11_TRUE,TRIFECTA,645,8.128275117783016,8.15181544457945,-0.02354032679643403,0.3,0.75,5.0
2024,STUDENTT_HETERO,KING1_MISS_TOP3_TRUE,WIN,1387,2.421107287446821,2.4273158880790655,-0.0062086006322443765,0.3,0.75,5.0
2024,STUDENTT_HETERO,KING1_MISS_TOP3_TRUE,EXACTA,1387,4.874516734620971,4.8939331552931495,-0.019416420672178525,0.3,0.75,5.0
2024,STUDENTT_HETERO,KING1_MISS_TOP3_TRUE,TRIO,1387,5.5748370409741375,5.61467457324698,-0.03983753227284215,0.3,0.75,5.0
2024,STUDENTT_HETERO,KING1_MISS_TOP3_TRUE,TRIFECTA,1387,7.338870827939275,7.38101481489822,-0.04214398695894506,0.3,0.75,5.0
2024,STUDENTT_HETERO,NEITHER_STRESS,WIN,1783,1.797493661505031,1.7899019727959398,0.0075916887090912155,0.3,0.75,5.0
2024,STUDENTT_HETERO,NEITHER_STRESS,EXACTA,1783,3.6080167631591253,3.5915890462267317,0.016427716932393643,0.3,0.75,5.0
2024,STUDENTT_HETERO,NEITHER_STRESS,TRIO,1783,3.687211005379697,3.6613733038119705,0.02583770156772669,0.3,0.75,5.0
2024,STUDENTT_HETERO,NEITHER_STRESS,TRIFECTA,1783,5.406534710071527,5.381117062506638,0.025417647564888846,0.3,0.75,5.0
2025,BASE_PL,ALL,WIN,3456,2.093536225428242,2.093536225428242,0.0,0.0,0.0,
2025,BASE_PL,ALL,EXACTA,3456,4.230031027408295,4.230031027408295,0.0,0.0,0.0,
2025,BASE_PL,ALL,TRIO,3456,4.650451806922033,4.650451806922033,0.0,0.0,0.0,
2025,BASE_PL,ALL,TRIFECTA,3456,6.387471676182958,6.387471676182958,0.0,0.0,0.0,
2025,BASE_PL,TAIL11_TRUE,WIN,702,2.5162520561380077,2.5162520561380077,0.0,0.0,0.0,
2025,BASE_PL,TAIL11_TRUE,EXACTA,702,5.2197575924670545,5.2197575924670545,0.0,0.0,0.0,
2025,BASE_PL,TAIL11_TRUE,TRIO,702,6.391203942881778,6.391203942881778,0.0,0.0,0.0,
2025,BASE_PL,TAIL11_TRUE,TRIFECTA,702,8.131690107361624,8.131690107361624,0.0,0.0,0.0,
2025,BASE_PL,KING1_MISS_TOP3_TRUE,WIN,1390,2.4512312271692407,2.4512312271692407,0.0,0.0,0.0,
2025,BASE_PL,KING1_MISS_TOP3_TRUE,EXACTA,1390,4.946041253885547,4.946041253885547,0.0,0.0,0.0,
2025,BASE_PL,KING1_MISS_TOP3_TRUE,TRIO,1390,5.70199023502431,5.70199023502431,0.0,0.0,0.0,
2025,BASE_PL,KING1_MISS_TOP3_TRUE,TRIFECTA,1390,7.465940114692404,7.465940114692404,0.0,0.0,0.0,
2025,BASE_PL,NEITHER_STRESS,WIN,1748,1.7879244955541604,1.7879244955541604,0.0,0.0,0.0,
2025,BASE_PL,NEITHER_STRESS,EXACTA,1748,3.591439877911241,3.591439877911241,0.0,0.0,0.0,
2025,BASE_PL,NEITHER_STRESS,TRIO,1748,3.6253311891044695,3.6253311891044695,0.0,0.0,0.0,
2025,BASE_PL,NEITHER_STRESS,TRIFECTA,1748,5.346078554487334,5.346078554487334,0.0,0.0,0.0,
2025,NORMAL_HOMO,ALL,WIN,3456,2.097395769116418,2.093536225428242,0.0038595436881756484,0.6,0.0,
2025,NORMAL_HOMO,ALL,EXACTA,3456,4.23262993669823,4.230031027408295,0.002598909289935669,0.6,0.0,
2025,NORMAL_HOMO,ALL,TRIO,3456,4.646923243535867,4.650451806922033,-0.003528563386165473,0.6,0.0,
2025,NORMAL_HOMO,ALL,TRIFECTA,3456,6.38026369414834,6.387471676182958,-0.007207982034618254,0.6,0.0,
2025,NORMAL_HOMO,TAIL11_TRUE,WIN,702,2.51294285304561,2.5162520561380077,-0.0033092030923977944,0.6,0.0,
2025,NORMAL_HOMO,TAIL11_TRUE,EXACTA,702,5.198401541336233,5.2197575924670545,-0.021356051130821285,0.6,0.0,
2025,NORMAL_HOMO,TAIL11_TRUE,TRIO,702,6.330992872877371,6.391203942881778,-0.0602110700044074,0.6,0.0,
2025,NORMAL_HOMO,TAIL11_TRUE,TRIFECTA,702,8.064621966084799,8.131690107361624,-0.0670681412768257,0.6,0.0,
2025,NORMAL_HOMO,KING1_MISS_TOP3_TRUE,WIN,1390,2.440911872782872,2.4512312271692407,-0.010319354386368662,0.6,0.0,
2025,NORMAL_HOMO,KING1_MISS_TOP3_TRUE,EXACTA,1390,4.9063596152723,4.946041253885547,-0.03968163861324747,0.6,0.0,
2025,NORMAL_HOMO,KING1_MISS_TOP3_TRUE,TRIO,1390,5.615351390212054,5.70199023502431,-0.08663884481225548,0.6,0.0,
2025,NORMAL_HOMO,KING1_MISS_TOP3_TRUE,TRIFECTA,1390,7.374130973955726,7.465940114692404,-0.0918091407366779,0.6,0.0,
2025,NORMAL_HOMO,NEITHER_STRESS,WIN,1748,1.8020508195220284,1.7879244955541604,0.014126323967867949,0.6,0.0,
2025,NORMAL_HOMO,NEITHER_STRESS,EXACTA,1748,3.6251080711718706,3.591439877911241,0.03366819326062975,0.6,0.0,
2025,NORMAL_HOMO,NEITHER_STRESS,TRIO,1748,3.6873473815611164,3.6253311891044695,0.06201619245664691,0.6,0.0,
2025,NORMAL_HOMO,NEITHER_STRESS,TRIFECTA,1748,5.406230539527729,5.346078554487334,0.06015198504039532,0.6,0.0,
2025,NORMAL_HETERO,ALL,WIN,3456,2.095925470084226,2.093536225428242,0.002389244655983891,0.4,0.5,
2025,NORMAL_HETERO,ALL,EXACTA,3456,4.231422576186491,4.230031027408295,0.0013915487781961389,0.4,0.5,
2025,NORMAL_HETERO,ALL,TRIO,3456,4.64632707223938,4.650451806922033,-0.004124734682652509,0.4,0.5,
2025,NORMAL_HETERO,ALL,TRIFECTA,3456,6.381189231532164,6.387471676182958,-0.006282444650794083,0.4,0.5,
2025,NORMAL_HETERO,TAIL11_TRUE,WIN,702,2.515987809738726,2.5162520561380077,-0.00026424639928190885,0.4,0.5,
2025,NORMAL_HETERO,TAIL11_TRUE,EXACTA,702,5.2091806946122725,5.2197575924670545,-0.010576897854781997,0.4,0.5,
2025,NORMAL_HETERO,TAIL11_TRUE,TRIO,702,6.356053002620621,6.391203942881778,-0.03515094026115673,0.4,0.5,
2025,NORMAL_HETERO,TAIL11_TRUE,TRIFECTA,702,8.09154733510718,8.131690107361624,-0.040142772254444736,0.4,0.5,
2025,NORMAL_HETERO,KING1_MISS_TOP3_TRUE,WIN,1390,2.441306819452962,2.4512312271692407,-0.009924407716278782,0.4,0.5,
2025,NORMAL_HETERO,KING1_MISS_TOP3_TRUE,EXACTA,1390,4.915061938096286,4.946041253885547,-0.03097931578926172,0.4,0.5,
2025,NORMAL_HETERO,KING1_MISS_TOP3_TRUE,TRIO,1390,5.63649624980698,5.70199023502431,-0.06549398521732996,0.4,0.5,
2025,NORMAL_HETERO,KING1_MISS_TOP3_TRUE,TRIFECTA,1390,7.396613857130049,7.465940114692404,-0.06932625756235478,0.4,0.5,
2025,NORMAL_HETERO,NEITHER_STRESS,WIN,1748,1.7984768888362566,1.7879244955541604,0.010552393282096117,0.4,0.5,
2025,NORMAL_HETERO,NEITHER_STRESS,EXACTA,1748,3.615543963382466,3.591439877911241,0.024104085471225112,0.4,0.5,
2025,NORMAL_HETERO,NEITHER_STRESS,TRIO,1748,3.6672299684860166,3.6253311891044695,0.04189877938154707,0.4,0.5,
2025,NORMAL_HETERO,NEITHER_STRESS,TRIFECTA,1748,5.387725053178541,5.346078554487334,0.04164649869120751,0.4,0.5,
2025,STUDENTT_HETERO,ALL,WIN,3456,2.09524366989252,2.093536225428242,0.0017074444642779518,0.3,0.75,5.0
2025,STUDENTT_HETERO,ALL,EXACTA,3456,4.230550154932548,4.230031027408295,0.0005191275242530935,0.3,0.75,5.0
2025,STUDENTT_HETERO,ALL,TRIO,3456,4.646540285370631,4.650451806922033,-0.00391152155140162,0.3,0.75,5.0
2025,STUDENTT_HETERO,ALL,TRIFECTA,3456,6.382419631552743,6.387471676182958,-0.005052044630215136,0.3,0.75,5.0
2025,STUDENTT_HETERO,TAIL11_TRUE,WIN,702,2.5162233669794114,2.5162520561380077,-2.8689158596328923e-05,0.3,0.75,5.0
2025,STUDENTT_HETERO,TAIL11_TRUE,EXACTA,702,5.2130848021398775,5.2197575924670545,-0.006672790327177047,0.3,0.75,5.0
2025,STUDENTT_HETERO,TAIL11_TRUE,TRIO,702,6.367182448103749,6.391203942881778,-0.024021494778028618,0.3,0.75,5.0
2025,STUDENTT_HETERO,TAIL11_TRUE,TRIFECTA,702,8.104665243403286,8.131690107361624,-0.027024863958338585,0.3,0.75,5.0
2025,STUDENTT_HETERO,KING1_MISS_TOP3_TRUE,WIN,1390,2.4434571812142787,2.4512312271692407,-0.007774045954962006,0.3,0.75,5.0
2025,STUDENTT_HETERO,KING1_MISS_TOP3_TRUE,EXACTA,1390,4.923501610866405,4.946041253885547,-0.02253964301914202,0.3,0.75,5.0
2025,STUDENTT_HETERO,KING1_MISS_TOP3_TRUE,TRIO,1390,5.655911612869117,5.70199023502431,-0.04607862215519276,0.3,0.75,5.0
2025,STUDENTT_HETERO,KING1_MISS_TOP3_TRUE,TRIFECTA,1390,7.417340670253312,7.465940114692404,-0.04859944443909203,0.3,0.75,5.0
2025,STUDENTT_HETERO,NEITHER_STRESS,WIN,1748,1.7957979207341965,1.7879244955541604,0.007873425180036087,0.3,0.75,5.0
2025,STUDENTT_HETERO,NEITHER_STRESS,EXACTA,1748,3.607707445102655,3.591439877911241,0.01626756719141431,0.3,0.75,5.0
2025,STUDENTT_HETERO,NEITHER_STRESS,TRIO,1748,3.6529047889282618,3.6253311891044695,0.02757359982379226,0.3,0.75,5.0
2025,STUDENTT_HETERO,NEITHER_STRESS,TRIFECTA,1748,5.373823250184382,5.346078554487334,0.027744695697048627,0.3,0.75,5.0
