test_year,topk,prob_rank,tickets,bought_races,coverage_pct,stake_yen,return_yen,profit_yen,roi_pct,race_hit_rate_pct,ticket_hit_rate_pct,avg_tickets_per_bought_race
2023,1,1,3185,3185,100.0,318500.0,168990.0,-149510.0,53.058084772370485,2.731554160125589,2.731554160125589,1.0
2023,3,1,3185,3185,100.0,318500.0,168990.0,-149510.0,53.058084772370485,2.731554160125589,2.731554160125589,1.0
2023,3,2,3185,3185,100.0,318500.0,176250.0,-142250.0,55.33751962323391,2.291993720565149,2.291993720565149,1.0
2023,3,3,3185,3185,100.0,318500.0,202420.0,-116080.0,63.554160125588695,1.7582417582417582,1.7582417582417582,1.0
2023,5,1,3185,3185,100.0,318500.0,168990.0,-149510.0,53.058084772370485,2.731554160125589,2.731554160125589,1.0
2023,5,2,3185,3185,100.0,318500.0,176250.0,-142250.0,55.33751962323391,2.291993720565149,2.291993720565149,1.0
2023,5,3,3185,3185,100.0,318500.0,202420.0,-116080.0,63.554160125588695,1.7582417582417582,1.7582417582417582,1.0
2023,5,4,3185,3185,100.0,318500.0,151490.0,-167010.0,47.56357927786499,1.1616954474097332,1.1616954474097332,1.0
2023,5,5,3185,3185,100.0,318500.0,273830.0,-44670.0,85.97488226059654,1.3500784929356358,1.3500784929356358,1.0
2023,8,1,3185,3185,100.0,318500.0,168990.0,-149510.0,53.058084772370485,2.731554160125589,2.731554160125589,1.0
2023,8,2,3185,3185,100.0,318500.0,176250.0,-142250.0,55.33751962323391,2.291993720565149,2.291993720565149,1.0
2023,8,3,3185,3185,100.0,318500.0,202420.0,-116080.0,63.554160125588695,1.7582417582417582,1.7582417582417582,1.0
2023,8,4,3185,3185,100.0,318500.0,151490.0,-167010.0,47.56357927786499,1.1616954474097332,1.1616954474097332,1.0
2023,8,5,3185,3185,100.0,318500.0,273830.0,-44670.0,85.97488226059654,1.3500784929356358,1.3500784929356358,1.0
2023,8,6,3185,3185,100.0,318500.0,224910.0,-93590.0,70.61538461538461,1.067503924646782,1.0675039246467817,1.0
2023,8,7,3184,3184,99.96860282574568,318400.0,270890.0,-47510.0,85.0785175879397,1.193467336683417,1.193467336683417,1.0
2023,8,8,3184,3184,99.96860282574568,318400.0,194020.0,-124380.0,60.935929648241206,0.9736180904522613,0.9736180904522613,1.0
2023,12,1,3185,3185,100.0,318500.0,168990.0,-149510.0,53.058084772370485,2.731554160125589,2.731554160125589,1.0
2023,12,2,3185,3185,100.0,318500.0,176250.0,-142250.0,55.33751962323391,2.291993720565149,2.291993720565149,1.0
2023,12,3,3185,3185,100.0,318500.0,202420.0,-116080.0,63.554160125588695,1.7582417582417582,1.7582417582417582,1.0
2023,12,4,3185,3185,100.0,318500.0,151490.0,-167010.0,47.56357927786499,1.1616954474097332,1.1616954474097332,1.0
2023,12,5,3185,3185,100.0,318500.0,273830.0,-44670.0,85.97488226059654,1.3500784929356358,1.3500784929356358,1.0
2023,12,6,3185,3185,100.0,318500.0,224910.0,-93590.0,70.61538461538461,1.067503924646782,1.0675039246467817,1.0
2023,12,7,3184,3184,99.96860282574568,318400.0,270890.0,-47510.0,85.0785175879397,1.193467336683417,1.193467336683417,1.0
2023,12,8,3184,3184,99.96860282574568,318400.0,194020.0,-124380.0,60.935929648241206,0.9736180904522613,0.9736180904522613,1.0
2023,12,9,3184,3184,99.96860282574568,318400.0,191720.0,-126680.0,60.21356783919598,0.5967336683417085,0.5967336683417085,1.0
2023,12,10,3184,3184,99.96860282574568,318400.0,99470.0,-218930.0,31.240577889447238,0.47110552763819097,0.4711055276381909,1.0
2023,12,11,3178,3178,99.78021978021978,317800.0,350640.0,32840.0,110.3335431088735,0.8810572687224669,0.881057268722467,1.0
2023,12,12,3178,3178,99.78021978021978,317800.0,213000.0,-104800.0,67.0232850849591,0.5978602894902454,0.5978602894902455,1.0
2024,1,1,3188,3188,100.0,318800.0,197430.0,-121370.0,61.929109159347554,2.8544542032622333,2.8544542032622333,1.0
2024,3,1,3188,3188,100.0,318800.0,197430.0,-121370.0,61.929109159347554,2.8544542032622333,2.8544542032622333,1.0
2024,3,2,3188,3188,100.0,318800.0,224250.0,-94550.0,70.34190715181933,2.415307402760351,2.415307402760351,1.0
2024,3,3,3188,3188,100.0,318800.0,239200.0,-79600.0,75.03136762860727,1.9761606022584692,1.9761606022584692,1.0
2024,5,1,3188,3188,100.0,318800.0,197430.0,-121370.0,61.929109159347554,2.8544542032622333,2.8544542032622333,1.0
2024,5,2,3188,3188,100.0,318800.0,224250.0,-94550.0,70.34190715181933,2.415307402760351,2.415307402760351,1.0
2024,5,3,3188,3188,100.0,318800.0,239200.0,-79600.0,75.03136762860727,1.9761606022584692,1.9761606022584692,1.0
2024,5,4,3188,3188,100.0,318800.0,203240.0,-115560.0,63.75156838143037,1.191969887076537,1.1919698870765372,1.0
2024,5,5,3188,3188,100.0,318800.0,215030.0,-103770.0,67.44981179422835,1.066499372647428,1.066499372647428,1.0
2024,8,1,3188,3188,100.0,318800.0,197430.0,-121370.0,61.929109159347554,2.8544542032622333,2.8544542032622333,1.0
2024,8,2,3188,3188,100.0,318800.0,224250.0,-94550.0,70.34190715181933,2.415307402760351,2.415307402760351,1.0
2024,8,3,3188,3188,100.0,318800.0,239200.0,-79600.0,75.03136762860727,1.9761606022584692,1.9761606022584692,1.0
2024,8,4,3188,3188,100.0,318800.0,203240.0,-115560.0,63.75156838143037,1.191969887076537,1.1919698870765372,1.0
2024,8,5,3188,3188,100.0,318800.0,215030.0,-103770.0,67.44981179422835,1.066499372647428,1.066499372647428,1.0
2024,8,6,3188,3188,100.0,318800.0,150670.0,-168130.0,47.261606022584694,0.7841907151819323,0.7841907151819323,1.0
2024,8,7,3187,3187,99.96863237139273,318700.0,180860.0,-137840.0,56.74929400690304,0.8471917163476623,0.8471917163476623,1.0
2024,8,8,3187,3187,99.96863237139273,318700.0,363200.0,44500.0,113.96297458424851,0.9727016002510198,0.9727016002510198,1.0
2024,12,1,3188,3188,100.0,318800.0,197430.0,-121370.0,61.929109159347554,2.8544542032622333,2.8544542032622333,1.0
2024,12,2,3188,3188,100.0,318800.0,224250.0,-94550.0,70.34190715181933,2.415307402760351,2.415307402760351,1.0
2024,12,3,3188,3188,100.0,318800.0,239200.0,-79600.0,75.03136762860727,1.9761606022584692,1.9761606022584692,1.0
2024,12,4,3188,3188,100.0,318800.0,203240.0,-115560.0,63.75156838143037,1.191969887076537,1.1919698870765372,1.0
2024,12,5,3188,3188,100.0,318800.0,215030.0,-103770.0,67.44981179422835,1.066499372647428,1.066499372647428,1.0
2024,12,6,3188,3188,100.0,318800.0,150670.0,-168130.0,47.261606022584694,0.7841907151819323,0.7841907151819323,1.0
2024,12,7,3187,3187,99.96863237139273,318700.0,180860.0,-137840.0,56.74929400690304,0.8471917163476623,0.8471917163476623,1.0
2024,12,8,3187,3187,99.96863237139273,318700.0,363200.0,44500.0,113.96297458424851,0.9727016002510198,0.9727016002510198,1.0
2024,12,9,3187,3187,99.96863237139273,318700.0,147800.0,-170900.0,46.37590210229055,0.6589268904926263,0.6589268904926263,1.0
2024,12,10,3187,3187,99.96863237139273,318700.0,129230.0,-189470.0,40.54910574207719,0.4079071226859115,0.4079071226859115,1.0
2024,12,11,3180,3180,99.74905897114178,318000.0,215010.0,-102990.0,67.61320754716981,0.6918238993710691,0.6918238993710693,1.0
2024,12,12,3180,3180,99.74905897114178,318000.0,146210.0,-171790.0,45.977987421383645,0.44025157232704404,0.44025157232704404,1.0
2025,1,1,3162,3162,100.0,316200.0,264430.0,-51770.0,83.62745098039215,3.5420619860847564,3.542061986084757,1.0
2025,3,1,3162,3162,100.0,316200.0,264430.0,-51770.0,83.62745098039215,3.5420619860847564,3.542061986084757,1.0
2025,3,2,3162,3162,100.0,316200.0,232160.0,-84040.0,73.42188488298545,2.43516761543327,2.4351676154332704,1.0
2025,3,3,3162,3162,100.0,316200.0,252880.0,-63320.0,79.97469955724225,1.6129032258064515,1.6129032258064515,1.0
2025,5,1,3162,3162,100.0,316200.0,264430.0,-51770.0,83.62745098039215,3.5420619860847564,3.542061986084757,1.0
2025,5,2,3162,3162,100.0,316200.0,232160.0,-84040.0,73.42188488298545,2.43516761543327,2.4351676154332704,1.0
2025,5,3,3162,3162,100.0,316200.0,252880.0,-63320.0,79.97469955724225,1.6129032258064515,1.6129032258064515,1.0
2025,5,4,3162,3162,100.0,316200.0,296940.0,-19260.0,93.9089184060721,1.454775458570525,1.454775458570525,1.0
2025,5,5,3162,3162,100.0,316200.0,219290.0,-96910.0,69.35167615433271,1.2333965844402277,1.2333965844402277,1.0
2025,8,1,3162,3162,100.0,316200.0,264430.0,-51770.0,83.62745098039215,3.5420619860847564,3.542061986084757,1.0
2025,8,2,3162,3162,100.0,316200.0,232160.0,-84040.0,73.42188488298545,2.43516761543327,2.4351676154332704,1.0
2025,8,3,3162,3162,100.0,316200.0,252880.0,-63320.0,79.97469955724225,1.6129032258064515,1.6129032258064515,1.0
2025,8,4,3162,3162,100.0,316200.0,296940.0,-19260.0,93.9089184060721,1.454775458570525,1.454775458570525,1.0
2025,8,5,3162,3162,100.0,316200.0,219290.0,-96910.0,69.35167615433271,1.2333965844402277,1.2333965844402277,1.0
2025,8,6,3162,3162,100.0,316200.0,179430.0,-136770.0,56.74573055028463,0.9171410499683744,0.9171410499683743,1.0
2025,8,7,3161,3161,99.96837444655282,316100.0,255460.0,-60640.0,80.81619740588421,0.8225245175577349,0.8225245175577348,1.0
2025,8,8,3161,3161,99.96837444655282,316100.0,177570.0,-138530.0,56.17526099335653,0.7908889591901297,0.7908889591901298,1.0
2025,12,1,3162,3162,100.0,316200.0,264430.0,-51770.0,83.62745098039215,3.5420619860847564,3.542061986084757,1.0
2025,12,2,3162,3162,100.0,316200.0,232160.0,-84040.0,73.42188488298545,2.43516761543327,2.4351676154332704,1.0
2025,12,3,3162,3162,100.0,316200.0,252880.0,-63320.0,79.97469955724225,1.6129032258064515,1.6129032258064515,1.0
2025,12,4,3162,3162,100.0,316200.0,296940.0,-19260.0,93.9089184060721,1.454775458570525,1.454775458570525,1.0
2025,12,5,3162,3162,100.0,316200.0,219290.0,-96910.0,69.35167615433271,1.2333965844402277,1.2333965844402277,1.0
2025,12,6,3162,3162,100.0,316200.0,179430.0,-136770.0,56.74573055028463,0.9171410499683744,0.9171410499683743,1.0
2025,12,7,3161,3161,99.96837444655282,316100.0,255460.0,-60640.0,80.81619740588421,0.8225245175577349,0.8225245175577348,1.0
2025,12,8,3161,3161,99.96837444655282,316100.0,177570.0,-138530.0,56.17526099335653,0.7908889591901297,0.7908889591901298,1.0
2025,12,9,3161,3161,99.96837444655282,316100.0,119150.0,-196950.0,37.693767795001584,0.664346725719709,0.6643467257197089,1.0
2025,12,10,3161,3161,99.96837444655282,316100.0,289570.0,-26530.0,91.60708636507434,0.7592534008225246,0.7592534008225245,1.0
2025,12,11,3150,3150,99.62049335863378,315000.0,190200.0,-124800.0,60.38095238095238,0.5079365079365079,0.5079365079365079,1.0
2025,12,12,3150,3150,99.62049335863378,315000.0,258690.0,-56310.0,82.12380952380953,0.5396825396825397,0.5396825396825398,1.0
