year,top_k,source_races,captured_races,pair_capture_pct
2023,1,3456,453,13.10763888888889
2023,3,3456,1098,31.770833333333332
2023,5,3456,1494,43.229166666666664
2023,10,3456,2113,61.1400462962963
2023,15,3456,2502,72.39583333333333
2024,1,3454,550,15.92356687898089
2024,3,3454,1231,35.63983786913723
2024,5,3454,1676,48.52345107122177
2024,10,3454,2294,66.4157498552403
2024,15,3454,2631,76.17255356108859
2025,1,3455,566,16.38205499276411
2025,3,3455,1225,35.45586107091172
2025,5,3455,1615,46.7438494934877
2025,10,3455,2238,64.77568740955138
2025,15,3455,2570,74.3849493487699
