test_year,slice_type,slice,races,collapse_actual_rate_pct,outsider_actual_rate_pct,trio_nll_base,trio_nll_router,delta_router_minus_base
2023,ROUTE,NORMAL,3233,40.24126198577173,63.006495515001546,4.617262738146974,4.617262738146974,0.0
2023,ROUTE,COLLAPSE,200,58.5,80.0,5.3724825705093755,5.3724825705093755,0.0
2023,ROUTE,OUTSIDER,6,33.33333333333333,100.0,6.019377203519902,5.9276260823881435,-0.09175112113175861
2023,ROUTE,BOTH,9,66.66666666666666,77.77777777777779,5.973738487406823,5.982481419103828,0.008742931697004193
2023,ACTUAL,KING1_COLLAPSE_TRUE,1426,100.0,78.05049088359046,5.628366560617334,5.627918441464404,-0.00044811915292997573
2023,ACTUAL,OUTSIDER_RISE_TRUE,2210,50.36199095022624,100.0,5.30072053170917,5.300261254011634,-0.00045927769753553233
2023,ACTUAL,BOTH_TRUE,1113,100.0,100.0,5.943655213896864,5.943081073814135,-0.0005741400827296904
2023,ACTUAL,NEITHER_TRUE,925,0.0,0.0,3.207169749933459,3.207756975198363,0.0005872252649037973
2024,ROUTE,NORMAL,3203,38.93225101467374,62.25413674679987,4.5529176124472075,4.5529176124472075,0.0
2024,ROUTE,COLLAPSE,129,61.240310077519375,74.4186046511628,5.337000791018738,5.342230196754705,0.005229405735967236
2024,ROUTE,OUTSIDER,59,38.983050847457626,79.66101694915254,5.392959792774181,5.392959792774181,0.0
2024,ROUTE,BOTH,56,62.5,80.35714285714286,5.6519369877577645,5.660603391694788,0.008666403937024955
2024,ACTUAL,KING1_COLLAPSE_TRUE,1384,100.0,78.17919075144508,5.6130544197547545,5.603287636474139,-0.009766783280616196
2024,ACTUAL,OUTSIDER_RISE_TRUE,2182,49.58753437213566,100.0,5.317135965738424,5.316880685447199,-0.0002552802912257741
2024,ACTUAL,BOTH_TRUE,1082,100.0,100.0,5.958920440462117,5.949030460620986,-0.009889979841130821
2024,ACTUAL,NEITHER_TRUE,963,0.0,0.0,3.097876673100854,3.10258404945406,0.004707376353205689
2025,ROUTE,NORMAL,3228,38.971499380421314,61.21437422552665,4.589205660159774,4.589205660159774,0.0
2025,ROUTE,COLLAPSE,89,59.55056179775281,76.40449438202246,5.504842056774408,5.504842056774408,0.0
2025,ROUTE,OUTSIDER,88,53.40909090909091,73.86363636363636,5.622947333155785,5.622947333155785,-2.0185873175002847e-17
2025,ROUTE,BOTH,40,67.5,82.5,5.727200876480476,5.727200876480476,0.0
2025,ACTUAL,KING1_COLLAPSE_TRUE,1385,100.0,78.98916967509025,5.704899595143036,5.704899595143036,-6.412840575452167e-19
2025,ACTUAL,OUTSIDER_RISE_TRUE,2142,51.07376283846872,100.0,5.367237386582335,5.367237386582335,-8.292982443511907e-19
2025,ACTUAL,BOTH_TRUE,1094,100.0,100.0,6.01446888540226,6.01446888540226,-8.118632721207726e-19
2025,ACTUAL,NEITHER_TRUE,1012,0.0,0.0,3.1716548949834062,3.1716548949834062,0.0
