feature,spearman_vs_winner_rank,short_mean,deep_mean,deep_minus_short_smd,abs_spearman,abs_smd
effective_tickets,0.4793391165119175,167.15870366597449,342.19339097445885,1.019296303107949,0.4793391165119175,1.019296303107949
hhi,-0.4793391165119175,0.011870916983517549,0.004320212547690645,-0.8306584312136395,0.4793391165119175,0.8306584312136395
top30_share,-0.47826964901197416,0.42214295349588027,0.2551343352276095,-1.1468004601969013,0.47826964901197416,1.1468004601969013
top10_odds,0.47289883659128684,59.08041070604522,94.45677143965852,1.031744860814564,0.47289883659128684,1.031744860814564
top10_share,-0.4679922099769463,0.2325341057309096,0.12415117297873188,-1.0611378548337795,0.4679922099769463,1.0611378548337795
top1_share,-0.44943456905270973,0.03939929996648654,0.018128152443694895,-0.8961723627531565,0.44943456905270973,0.8961723627531565
top1_odds,0.44936755324708905,29.910152284263958,54.913930927435004,0.9460322917174072,0.44936755324708905,0.9460322917174072
win_top3_share,-0.445000769929965,0.7160779829667073,0.6079248994378549,-1.0818131484724327,0.445000769929965,1.0818131484724327
top30_odds,0.4354970627378669,116.22754960775265,154.97685292976328,0.9522815243286405,0.4354970627378669,0.9522815243286405
top30_to_top1,-0.3503946618149121,5.884058868466739,3.365074986722167,-0.5793412924220191,0.3503946618149121,0.5793412924220191
field_size,0.35017499312940714,11.931472081218274,14.183352735739232,0.82120021783622,0.35017499312940714,0.82120021783622
ticket_count,0.35017499312940714,1609.1061375173051,2485.3410942956925,0.7492196712127018,0.35017499312940714,0.7492196712127018
entropy_norm,0.34730434740790767,0.7877607982634381,0.8309116594200948,0.8152640627455918,0.34730434740790767,0.8152640627455918
win_top1_odds,0.34029358318676983,2.331564374711583,2.9653279006596818,0.7924105561948662,0.34029358318676983,0.7924105561948662
win_top1_share,-0.3395457255221993,0.37432727459904425,0.2932412919681275,-0.7767048378415865,0.3395457255221993,0.7767048378415865
top10_to_top1,-0.2797090034240144,2.4344829441016276,1.8962313403270523,-0.613307366821756,0.2797090034240144,0.613307366821756
win_top2_odds,0.23071588223337677,4.158029533917859,4.601668606907256,0.36677361586604895,0.23071588223337677,0.36677361586604895
median_odds,0.14017436369754252,10021.435936778957,10461.111903376019,0.03603873038588928,0.14017436369754252,0.03603873038588928
p90_odds,0.13210573471810208,61124.54827872635,66290.31681994567,0.07962828730993181,0.13210573471810208,0.07962828730993181
win_top2_to_top1,-0.1282282022679651,2.027507456606601,1.7204095004621718,-0.2788989803818103,0.1282282022679651,0.2788989803818103
median_to_top1,-0.12570824496483457,466.799258534423,268.47825887664897,-0.23058187338342728,0.12570824496483457,0.23058187338342728
distance_m,-0.12252287899857647,1760.957544993078,1655.9274350019402,-0.234515182436011,0.12252287899857647,0.234515182436011
win_top3_odds,0.04901956900766294,6.450853714813106,6.311331005044625,-0.06530128188241616,0.04901956900766294,0.06530128188241616
top100_odds,-0.027800465843226724,391.86919704660824,344.5589833139309,-0.33085731332996776,0.027800465843226724,0.33085731332996776
