year,ranking,category,races,eligible_unique_top_races,share_pct,excluded_top_rank_tie_races
2023,MARKET,HIT,305,3378,9.029011249259916,72
2023,MARKET,REVERSE_MISS,199,3378,5.891059798697454,72
2023,MARKET,PAIR_MISS,2874,3378,85.07992895204264,72
2023,L17_ONLY_MODEL,HIT,188,3450,5.449275362318841,0
2023,L17_ONLY_MODEL,REVERSE_MISS,159,3450,4.608695652173913,0
2023,L17_ONLY_MODEL,PAIR_MISS,3103,3450,89.94202898550725,0
2023,MARKET_AWARE_MODEL,HIT,256,3450,7.420289855072464,0
2023,MARKET_AWARE_MODEL,REVERSE_MISS,214,3450,6.202898550724638,0
2023,MARKET_AWARE_MODEL,PAIR_MISS,2980,3450,86.3768115942029,0
2024,MARKET,HIT,323,3379,9.559041136430897,62
2024,MARKET,REVERSE_MISS,245,3379,7.250665877478544,62
2024,MARKET,PAIR_MISS,2811,3379,83.19029298609055,62
2024,L17_ONLY_MODEL,HIT,233,3441,6.771287416448707,0
2024,L17_ONLY_MODEL,REVERSE_MISS,164,3441,4.766056378959605,0
2024,L17_ONLY_MODEL,PAIR_MISS,3044,3441,88.4626562045917,0
2024,MARKET_AWARE_MODEL,HIT,313,3441,9.09619296716071,0
2024,MARKET_AWARE_MODEL,REVERSE_MISS,227,3441,6.596919500145306,0
2024,MARKET_AWARE_MODEL,PAIR_MISS,2901,3441,84.30688753269398,0
2025,MARKET,HIT,332,3368,9.85748218527316,70
2025,MARKET,REVERSE_MISS,252,3368,7.4821852731591445,70
2025,MARKET,PAIR_MISS,2784,3368,82.6603325415677,70
2025,L17_ONLY_MODEL,HIT,244,3438,7.097149505526469,0
2025,L17_ONLY_MODEL,REVERSE_MISS,185,3438,5.381035485747527,0
2025,L17_ONLY_MODEL,PAIR_MISS,3009,3438,87.52181500872601,0
2025,MARKET_AWARE_MODEL,HIT,300,3438,8.726003490401396,0
2025,MARKET_AWARE_MODEL,REVERSE_MISS,235,3438,6.835369400814427,0
2025,MARKET_AWARE_MODEL,PAIR_MISS,2903,3438,84.43862710878417,0
