focal_rank,pool_k,seat,market_group,races,coverage_pct,baseline_roi_pct,group_roi_pct,roi_delta_pp,hit_rate_pct,profit_yen,y2022_roi_pct,y2023_roi_pct,y2024_roi_pct,y2025_roi_pct,y2022_delta_pp,y2023_delta_pp,y2024_delta_pp,y2025_delta_pp,years_improved,all_4_years_improved,min_year_races
3,3,1,SAME,3712,26.85185185185185,68.24869791666667,88.35668103448276,20.10798311781609,2.6400862068965516,-86440.0,84.66880341880342,87.94377067254686,119.90947816826412,60.61290322580645,12.883502492877497,23.594812339213533,41.23181613122708,2.4300328554360746,4,True,907
3,3,1,ZERO,3712,26.85185185185185,68.24869791666667,88.35668103448276,20.10798311781609,2.6400862068965516,-86440.0,84.66880341880342,87.94377067254686,119.90947816826412,60.61290322580645,12.883502492877497,23.594812339213533,41.23181613122708,2.4300328554360746,4,True,907
2,3,1,POS_2_3,2370,17.14409722222222,60.240885416666664,79.5379746835443,19.29708926687764,1.2236286919831223,-96990.0,112.76402640264027,70.40239726027397,44.530973451327434,87.63414634146342,30.66188519893656,13.478207445459155,4.124434099475579,26.103475045167123,4,True,565
1,3,2,SAME,8179,59.165219907407405,60.08752893518518,74.59591637119452,14.508387436009336,2.4941924440640664,-415560.0,98.13929842399594,73.81649585163494,56.48858669256921,71.06463878326996,20.09387018325519,14.55868335163494,6.511734840717352,17.99461563512181,4,True,1967
1,3,2,ZERO,8179,59.165219907407405,60.08752893518518,74.59591637119452,14.508387436009336,2.4941924440640664,-415560.0,98.13929842399594,73.81649585163494,56.48858669256921,71.06463878326996,20.09387018325519,14.55868335163494,6.511734840717352,17.99461563512181,4,True,1967
3,6,2,SAME,3686,26.739209285455203,66.73144722524484,78.03038524145416,11.29893801620932,9.983722192078133,-1619600.0,85.61761546723953,71.12942477876106,79.66577253218884,75.47388465723613,21.33558648173228,4.08575095403674,18.109491708283997,1.4172315485783713,4,True,904
3,6,2,ZERO,3686,26.739209285455203,66.73144722524484,78.03038524145416,11.29893801620932,9.983722192078133,-1619600.0,85.61761546723953,71.12942477876106,79.66577253218884,75.47388465723613,21.33558648173228,4.08575095403674,18.109491708283997,1.4172315485783713,4,True,904
3,6,3,MARKET_HIGHER,3916,28.407689517591585,62.77660500544069,72.15845250255363,9.381847497112936,7.711950970377937,-2180550.0,52.12588116817724,76.86326530612244,78.69938962360122,81.37916666666666,1.7737072551337576,7.756184632878103,19.39448680956003,9.010340402866547,4,True,960
3,6,1,NEG_1,2640,19.1512513601741,65.37954298150163,72.00568181818181,6.626138836680184,10.909090909090908,-1478100.0,75.51466049382717,61.97747747747748,68.87518684603886,81.89802130898022,4.748863392377885,0.4113138094565869,3.107852932490843,18.487794696545585,4,True,648
1,6,3,KING_HIGHER,5634,40.87051142546246,65.47007616974973,71.95837770678027,6.488301537030537,8.30670926517572,-3159730.0,76.42674731182795,75.48146828225232,64.04731182795699,71.5459940652819,10.518631369798968,6.566494399489699,2.218910319398823,6.316912136170927,4,True,1348
1,6,1,SAME,8151,59.12948857453754,64.89771490750816,66.74003189792664,1.8423169904184817,18.463992148202674,-5422040.0,69.49108053007136,62.22980910425844,68.24366471734893,67.08930276981853,1.3199211097815038,3.1563906480773625,2.0806243924287173,0.9087391440195773,4,True,1962
1,6,1,ZERO,8151,59.12948857453754,64.89771490750816,66.74003189792664,1.8423169904184817,18.463992148202674,-5422040.0,69.49108053007136,62.22980910425844,68.24366471734893,67.08930276981853,1.3199211097815038,3.1563906480773625,2.0806243924287173,0.9087391440195773,4,True,1962
2,3,2,POS_4PLUS,1013,7.327835648148148,60.099826388888886,109.83218163869694,49.73235524980805,0.5923000987166831,19920.0,95.18072289156626,64.90706319702602,272.7626459143969,0.0,39.076845576751445,3.842248382211203,196.8497408218043,-47.317708333333336,3,False,238
2,6,3,POS_2_3,2367,17.17083786724701,66.52292346753718,88.97824250105619,22.455319033519004,8.702999577524292,-521770.0,94.9059405940594,124.71955403087479,70.20301418439716,66.43729641693811,27.664346391160848,46.95562483760723,17.984418303921387,-2.436323571440738,3,False,564
1,6,3,POS_2_3,1945,14.109539354370693,65.47007616974973,87.27403598971722,21.80395981996749,8.174807197943444,-495040.0,107.27316602316603,112.5859872611465,82.66930693069307,43.02549889135255,41.36505008113704,43.671013378383876,20.840905422134902,-22.203583037758428,3,False,451
3,6,3,NEG_1,2640,19.1512513601741,62.77660500544069,81.51912878787878,18.74252378243809,8.409090909090908,-975790.0,47.94753086419753,87.37612612612612,91.28923766816143,98.74505327245053,-2.404643048845948,18.269045452881784,31.98433485412024,26.376227008650417,3,False,648
2,6,2,POS_4PLUS,1013,7.348567283278927,68.57863619876677,83.90523198420533,15.326595785438556,3.2576505429417573,-326080.0,148.10843373493975,55.42565055762082,69.36186770428016,64.6281512605042,72.07510040160642,-18.40516778248365,6.69882737935994,2.8556352814222663,3,False,238
3,3,2,POS_1,2452,17.73726851851852,59.470847800925924,74.25774877650898,14.786900975583052,2.6101141924959217,-126240.0,104.45901639344262,59.5718901453958,76.8274111675127,57.08860759493671,31.89535898603522,3.1381517194698745,36.25449450084603,-11.224471108766998,3,False,591
3,6,1,NEG_2_3,1276,9.256438157417483,65.37954298150163,79.41614420062696,14.03660121912533,15.047021943573668,-525300.0,80.18115942028986,93.48407643312102,56.70063694267516,87.50660066006601,9.415362318840579,31.917912765100127,-9.066696970872854,24.09637404763138,3,False,303
2,3,3,SAME,4784,34.60648148148148,59.31749131944444,71.19251672240803,11.875025402963587,3.0100334448160537,-275630.0,67.15404699738903,65.56451612903226,84.332784184514,67.42558326629123,-1.3528974470554118,6.797155017921142,34.18955501784733,7.57315271073567,3,False,1149
2,3,3,ZERO,4784,34.60648148148148,59.31749131944444,71.19251672240803,11.875025402963587,3.0100334448160537,-275630.0,67.15404699738903,65.56451612903226,84.332784184514,67.42558326629123,-1.3528974470554118,6.797155017921142,34.18955501784733,7.57315271073567,3,False,1149
2,3,2,POS_1,2723,19.697627314814813,60.099826388888886,70.56555269922879,10.465726310339903,2.754315093646713,-160300.0,33.6849710982659,63.871906841339154,87.8970588235294,98.17771084337349,-22.41890621654892,2.8070920265243373,11.98415373093681,50.860002510040154,3,False,664
3,6,1,MARKET_HIGHER,3916,28.407689517591585,65.37954298150163,74.42032686414709,9.040783882645457,12.257405515832483,-2003400.0,77.13595166163142,72.07244897959184,64.98626653102747,83.66822916666666,6.370154560182144,10.506285311570949,-0.781067382520547,20.25800255423203,3,False,960
2,6,3,KING_HIGHER,6097,44.22923467537178,66.52292346753718,73.94603903559127,7.423115568054087,8.036739380022961,-3177020.0,77.08985132514545,98.20325732899023,53.68666666666667,66.21716171617162,9.848257122246892,20.439328135722675,1.4680707861908928,-2.6564582722072316,3,False,1500
2,6,1,POS_1,2717,19.709829524845848,69.06935074356184,76.3076923076923,7.238341564130465,7.508281192491719,-1287440.0,90.11632947976878,79.7510980966325,72.43372606774669,62.31523378582202,24.40299614643544,4.962357527857108,7.415884466354171,-8.449292652295348,3,False,663
3,3,3,POS_1,2452,17.73726851851852,51.938657407407405,58.67047308319739,6.7318156757899885,2.8548123980424145,-202680.0,80.9672131147541,52.786752827140546,56.878172588832484,44.58860759493671,18.603208485124476,-3.186916154340935,9.66607768142508,2.383746483825597,3,False,591
2,6,3,POS_4PLUS,1013,7.348567283278927,66.52292346753718,73.02122408687067,6.498300619333492,4.244817374136229,-546590.0,67.35140562248996,102.52230483271376,42.284046692607006,78.80042016806723,0.10981141959140928,24.7583756394462,-9.934549187868768,9.926800179688385,3,False,238
2,3,1,SAME,4784,34.60648148148148,60.240885416666664,65.9824414715719,5.741556054905239,2.801003344481605,-325480.0,67.77197563098346,61.460101867572156,64.51400329489292,70.04827031375704,-14.330165572720247,4.5359120527573396,24.10746394304106,8.517599017460746,3,False,1149
2,3,1,ZERO,4784,34.60648148148148,60.240885416666664,65.9824414715719,5.741556054905239,2.801003344481605,-325480.0,67.77197563098346,61.460101867572156,64.51400329489292,70.04827031375704,-14.330165572720247,4.5359120527573396,24.10746394304106,8.517599017460746,3,False,1149
1,6,2,SAME,8151,59.12948857453754,71.75012694958288,77.21868482394798,5.4685578743651035,11.336032388663968,-3713810.0,72.67864424057085,87.47723935389133,70.60891812865498,77.94102196752627,10.19038337100563,5.518011263351582,-0.8609107080145861,6.847762234812734,3,False,1962
1,6,2,ZERO,8151,59.12948857453754,71.75012694958288,77.21868482394798,5.4685578743651035,11.336032388663968,-3713810.0,72.67864424057085,87.47723935389133,70.60891812865498,77.94102196752627,10.19038337100563,5.518011263351582,-0.8609107080145861,6.847762234812734,3,False,1962
2,3,2,KING_HIGHER,6106,44.16956018518518,60.099826388888886,65.28087127415657,5.181044885267681,1.752374713396659,-423990.0,49.767291531997415,64.12012987012987,94.16111850865512,53.68490441661174,-6.3365857828174015,3.055315055315056,18.248213416062526,6.367196083278401,3,False,1502
3,6,1,SAME,3686,26.739209285455203,65.37954298150163,70.19194248507867,4.812399503577041,8.084644601193705,-2197450.0,92.65520945220193,53.35011061946903,67.41684549356223,66.81664853101196,21.88941235075265,-8.216053048551863,1.6495115800142202,3.4064219185773297,3,False,904
3,6,1,ZERO,3686,26.739209285455203,65.37954298150163,70.19194248507867,4.812399503577041,8.084644601193705,-2197450.0,92.65520945220193,53.35011061946903,67.41684549356223,66.81664853101196,21.88941235075265,-8.216053048551863,1.6495115800142202,3.4064219185773297,3,False,904
1,3,1,SAME,8179,59.165219907407405,51.168619791666664,53.617190365570366,2.4485705739037016,3.4600806944614257,-758730.0,54.2043721403152,59.48999511957052,53.94123360854784,47.03184410646388,1.3788513069818649,4.0067775269779276,6.562761386325619,-1.95542441205464,3,False,1967
1,3,1,ZERO,8179,59.165219907407405,51.168619791666664,53.617190365570366,2.4485705739037016,3.4600806944614257,-758730.0,54.2043721403152,59.48999511957052,53.94123360854784,47.03184410646388,1.3788513069818649,4.0067775269779276,6.562761386325619,-1.95542441205464,3,False,1967
3,3,3,POS_2_3,2432,17.59259259259259,51.938657407407405,53.9514802631579,2.0128228557504926,1.850328947368421,-223980.0,67.3688524590164,68.05422647527911,32.40582191780822,46.67757774140753,5.004847829386769,12.080557493797627,-14.806272989599186,4.472716630296418,3,False,584
1,6,1,POS_1,3002,21.777294160319187,64.89771490750816,66.8251165889407,1.927401681432542,10.592938041305796,-1991820.0,72.34566326530613,54.42516129032258,66.27453769559033,74.4858108108108,4.174503845016275,-4.648257165858503,0.1114973706701079,8.30524718501185,3,False,703
3,3,3,KING_HIGHER,6190,44.777199074074076,51.938657407407405,52.77705977382875,0.8384023664213487,2.0193861066235863,-584620.0,66.37524557956777,57.87859424920128,40.01630789302022,46.9073482428115,4.0112409499381485,1.904925267719797,-7.195787014387186,4.702487131700387,3,False,1527
2,3,2,SAME,4784,34.60648148148148,60.099826388888886,60.7681856187291,0.6683592298402132,2.82190635451505,-375370.0,60.0,65.21646859083192,69.3492586490939,48.88173773129525,3.8961226851851833,4.151653776017106,-6.563646443498698,1.5640293979619173,3,False,1149
2,3,2,ZERO,4784,34.60648148148148,60.099826388888886,60.7681856187291,0.6683592298402132,2.82190635451505,-375370.0,60.0,65.21646859083192,69.3492586490939,48.88173773129525,3.8961226851851833,4.151653776017106,-6.563646443498698,1.5640293979619173,3,False,1149
1,3,1,POS_2_3,1946,14.076967592592593,51.168619791666664,50.719424460431654,-0.44919533123501054,1.4388489208633093,-191800.0,60.46242774566474,56.581740976645435,28.198019801980198,58.60310421286031,7.636906912331405,1.0985233840528394,-19.180452420242023,9.61583569434179,3,False,451
2,3,3,KING_HIGHER,6106,44.16956018518518,59.31749131944444,54.61677038978054,-4.700720929663902,2.2109400589584016,-554220.0,70.59793148028442,62.16233766233766,23.009320905459386,61.95451549110086,2.090987035839973,3.3949765512265486,-27.133908261207278,2.1020849355452995,3,False,1502
1,6,3,POS_4PLUS,687,4.983677910772579,65.47007616974973,93.61062590975254,28.14054974000281,4.2212518195050945,-87790.0,64.08064516129032,63.5828025477707,65.56149732620321,192.03184713375796,-1.8274707807386648,-5.332171334991926,3.7330958176450437,126.80276520464699,2,False,157
3,3,2,NEG_2_3,1279,9.252025462962964,59.470847800925924,75.09773260359655,15.62688480267063,2.6583268178264268,-63700.0,68.0,89.25867507886436,33.02547770700637,111.96369636963696,-4.563657407407405,32.82493665293843,-7.5474389596602975,43.650617665933254,2,False,303
3,3,1,NEG_1,2643,19.11892361111111,68.24869791666667,80.91751797200152,12.668820055334848,2.9511918274687856,-100870.0,56.92901234567901,90.7871064467766,66.20149253731343,109.52127659574468,-14.856288580246911,26.438148113443276,-12.47616949972361,51.33840622537431,2,False,648
3,6,2,NEG_2_3,1276,9.256438157417483,66.73144722524484,77.25626959247649,10.52482236723165,10.423197492163009,-580420.0,52.028985507246375,113.5015923566879,72.44585987261146,73.4042904290429,-12.253043478260878,46.45791853196357,10.889579048706622,-0.6523626796148534,2,False,303
3,6,3,POS_1,2445,17.736670293797605,62.77660500544069,70.87239263803681,8.09578763259612,8.507157464212678,-1424340.0,46.60591133004926,82.9586038961039,50.54491525423729,101.54920634920634,-3.7462625829942198,13.851523222859555,-8.759987559803903,29.180380085406227,2,False,590
1,3,3,POS_2_3,1946,14.076967592592593,68.40205439814815,73.91315519013361,5.511100791985456,1.644398766700925,-101530.0,59.7495183044316,48.481953290870486,109.56435643564356,76.85144124168514,-16.09249558445729,-13.53338235727766,40.45700689860652,10.207922723166618,2,False,451
3,6,2,POS_2_3,2432,17.642364889372505,66.73144722524484,72.13157894736842,5.400131722123589,5.2631578947368425,-1355520.0,59.79016393442623,89.99521531100478,51.81934931506849,85.53600654664484,-4.491865051081021,22.951541486280462,-9.73693150883635,11.479353437987086,2,False,584
3,3,3,SAME,3712,26.85185185185185,51.938657407407405,57.327586206896555,5.38892879948915,4.175646551724138,-316800.0,51.72542735042735,55.859977949283355,66.26730564430245,55.37096774193548,-10.638577279202273,-0.11369103219812615,19.05521073689505,13.166106630824366,2,False,907
3,3,3,ZERO,3712,26.85185185185185,51.938657407407405,57.327586206896555,5.38892879948915,4.175646551724138,-316800.0,51.72542735042735,55.859977949283355,66.26730564430245,55.37096774193548,-10.638577279202273,-0.11369103219812615,19.05521073689505,13.166106630824366,2,False,907
3,3,1,MARKET_HIGHER,3922,28.370949074074073,68.24869791666667,73.4982151963284,5.249517279661731,2.881183069862315,-207880.0,58.53474320241692,75.1219512195122,72.3678861788618,88.45473465140479,-13.250557723509004,10.77299288617887,-6.309775858175243,30.271864281034418,2,False,961
3,3,2,SAME,3712,26.85185185185185,59.470847800925924,61.78879310344828,2.3179453025223538,3.4752155172413794,-283680.0,55.10149572649573,69.20066152149946,36.7678381256656,86.55376344086021,-17.462161680911677,12.766923095573532,-3.805078541001066,18.2406847371565,2,False,907
3,3,2,ZERO,3712,26.85185185185185,59.470847800925924,61.78879310344828,2.3179453025223538,3.4752155172413794,-283680.0,55.10149572649573,69.20066152149946,36.7678381256656,86.55376344086021,-17.462161680911677,12.766923095573532,-3.805078541001066,18.2406847371565,2,False,907
3,6,2,MARKET_HIGHER,3916,28.407689517591585,66.73144722524484,68.66330439223698,1.9318571669921454,10.64862104187947,-2454290.0,62.9214501510574,74.27244897959184,70.88962360122075,66.596875,-1.3605788344498535,7.22877515486752,9.333342777315906,-7.459778108657758,2,False,960
2,6,2,KING_HIGHER,6097,44.22923467537178,68.57863619876677,70.4540757749713,1.8754395762045277,6.77382319173364,-3602830.0,91.22365869424694,65.1472312703583,54.628,70.29207920792079,15.190325360913604,-8.683587069746167,-8.035040324920217,8.519563228838862,2,False,1500
2,6,1,KING_HIGHER,6097,44.22923467537178,69.06935074356184,70.55609316057077,1.4867424170089265,5.543710021321962,-3590390.0,73.01163542340014,71.81042345276873,55.91133333333333,81.27755775577558,7.298302090066798,-2.9783171160066644,-9.106508268059187,10.513031317658204,2,False,1500
2,6,2,MARKET_HIGHER,2927,21.23322451940515,68.57863619876677,70.06337546976427,1.484739270997494,10.317731465664503,-1752490.0,59.050657894736844,83.30461329715061,80.0189701897019,57.4385838150289,-16.982675438596488,9.473794957046138,17.355929864781686,-4.3339321640530315,2,False,692
2,6,2,NEG_1,2927,21.23322451940515,68.57863619876677,70.06337546976427,1.484739270997494,10.317731465664503,-1752490.0,59.050657894736844,83.30461329715061,80.0189701897019,57.4385838150289,-16.982675438596488,9.473794957046138,17.355929864781686,-4.3339321640530315,2,False,692
2,6,2,POS_2_3,2367,17.17083786724701,68.57863619876677,69.90198563582594,1.3233494370591643,6.083650190114068,-1424840.0,67.64273927392739,91.07975986277873,54.038120567375884,66.59527687296416,-8.390594059405942,17.248941522674258,-8.624919757544333,4.822760893882233,2,False,564
2,6,1,POS_2_3,2367,17.17083786724701,69.06935074356184,70.26658217152514,1.1972314279633025,4.985213350232361,-1407580.0,67.06848184818482,58.973413379073754,49.395390070921984,103.31758957654723,1.3551485148514786,-15.815327189701641,-15.622451530470535,32.55306313842986,2,False,564
1,3,3,SAME,8179,59.165219907407405,68.40205439814815,69.53661816848026,1.1345637703321074,1.650568529160044,-498320.0,85.80325368581596,60.67837969741337,54.004371053909665,78.15589353612167,9.961239796927075,-1.336955950734776,-15.102978483127373,11.512375017603148,2,False,1967
1,3,3,ZERO,8179,59.165219907407405,68.40205439814815,69.53661816848026,1.1345637703321074,1.650568529160044,-498320.0,85.80325368581596,60.67837969741337,54.004371053909665,78.15589353612167,9.961239796927075,-1.336955950734776,-15.102978483127373,11.512375017603148,2,False,1967
3,3,2,KING_HIGHER,6190,44.777199074074076,59.470847800925924,60.119547657512115,0.648699856586191,1.5831987075928917,-493720.0,76.53241650294696,53.715654952076676,46.76125244618395,63.594249201277954,3.9687590955395535,-2.718083473849248,6.188335779517288,-4.718829502425756,2,False,1527
2,6,1,SAME,4761,34.53754080522307,69.06935074356184,68.88111741230834,-0.18823333125349961,11.132115101869354,-2963140.0,56.698600174978125,78.90715502555366,74.46815550041356,65.15587044534414,-9.014733158355213,4.118414456778268,9.45031389902104,-5.608655992773237,2,False,1143
2,6,1,ZERO,4761,34.53754080522307,69.06935074356184,68.88111741230834,-0.18823333125349961,11.132115101869354,-2963140.0,56.698600174978125,78.90715502555366,74.46815550041356,65.15587044534414,-9.014733158355213,4.118414456778268,9.45031389902104,-5.608655992773237,2,False,1143
2,3,3,POS_4PLUS,1013,7.327835648148148,59.31749131944444,58.040473840078974,-1.277017479365469,0.9871668311944719,-85010.0,112.429718875502,109.46096654275092,5.272373540856031,0.0,43.92277443105756,50.69360543163981,-44.870855625810634,-59.85243055555556,2,False,238
1,3,3,KING_HIGHER,5645,40.834780092592595,68.40205439814815,66.75819309123118,-1.6438613069169747,2.090345438441098,-375300.0,62.68300873069174,63.96233120113717,91.36721546170365,48.72781065088758,-13.159005158197147,1.9469955529890228,22.259865924666613,-17.915707867630942,2,False,1352
3,6,3,POS_2_3,2432,17.642364889372505,62.77660500544069,60.84827302631579,-1.9283319791249056,6.126644736842105,-1904340.0,68.88196721311475,82.13078149920256,29.4375,61.01063829787234,18.52979330007127,13.023700825958215,-29.867402814041192,-11.358187965927776,2,False,584
3,6,2,NEG_1,2640,19.1512513601741,66.73144722524484,64.51003787878788,-2.2214093464569515,10.757575757575758,-1873870.0,68.72067901234568,55.777027027027025,70.15919282511211,63.45738203957382,4.438650026838431,-11.266646797697298,8.602912001207272,-10.599271069083933,2,False,648
2,6,2,POS_1,2717,19.709829524845848,68.57863619876677,65.91994847258005,-2.658687726186727,8.68605079131395,-1851910.0,91.40534682080924,46.84040995607614,49.54123711340206,75.74886877828054,15.372013487475911,-26.990408384028335,-13.121803211518156,13.976352799198608,2,False,663
3,6,3,KING_HIGHER,6183,44.85310119695321,62.77660500544069,59.90053372149442,-2.876071283946274,6.307617661329452,-4958700.0,52.70576671035386,68.76376440460947,43.65404699738903,73.99168266154831,2.353592797310384,-0.3433162686348652,-15.650855816652161,1.622856397748194,2,False,1526
1,6,2,POS_2_3,1945,14.109539354370693,71.75012694958288,68.4789203084833,-3.2712066410995817,7.455012853470437,-1226170.0,31.98745173745174,106.01061571125265,86.47920792079208,51.03991130820399,-30.500809132113478,24.0513876207129,15.009379084122514,-20.053348424509544,2,False,451
1,3,3,POS_1,3012,21.788194444444443,68.40205439814815,65.00498007968127,-3.3970743184668777,2.7888446215139444,-210810.0,76.35204081632654,86.21309370988446,53.269503546099294,41.96236559139785,0.5100269274376501,24.197758061736316,-15.837845990937744,-24.68115292712067,2,False,705
3,3,2,POS_2_3,2432,17.59259259259259,59.470847800925924,54.79029605263158,-4.6805517482943415,1.1924342105263157,-219900.0,80.71311475409836,75.26315789473684,12.979452054794521,47.86415711947627,8.149457346690951,18.82941946881091,-27.593464611872143,-20.448921584227442,2,False,584
3,3,3,NEG_2_3,1279,9.252025462962964,51.938657407407405,45.39874902267396,-6.539908384733444,1.4073494917904612,-139670.0,63.710144927536234,73.47003154574132,28.487261146496817,12.706270627062706,1.346140297906608,17.49636256425984,-18.724833760910588,-29.498590484048407,2,False,303
2,6,1,POS_4PLUS,1013,7.348567283278927,69.06935074356184,55.80602171767028,-13.263329025891558,1.579466929911155,-895370.0,39.93975903614458,79.47026022304833,26.558365758754864,77.24159663865547,-25.77357429718876,4.6815196542729325,-38.45947584263766,6.477070200538094,2,False,238
3,3,2,POS_4PLUS,1306,9.447337962962964,59.470847800925924,43.49923430321593,-15.971613497709995,0.38284839203675347,-147580.0,12.73615635179153,0.0,52.23463687150838,106.2111801242236,-59.827501055615876,-56.433738425925924,11.661720204841714,37.89810142051989,2,False,307
1,3,1,POS_1,3012,21.788194444444443,51.168619791666664,53.35657370517928,2.187953913512615,2.2244355909694553,-280980.0,52.327806122448976,55.46213093709884,46.191489361702125,59.0255376344086,-0.4977147108843596,-0.02108665549375388,-1.1869828605200965,10.038269115890081,1,False,705
2,3,1,POS_1,2723,19.697627314814813,60.240885416666664,61.178846860080796,0.9379614434141317,1.7627616599338964,-211420.0,109.54479768786128,49.29403202328967,28.36764705882353,56.67168674698795,27.442656484157567,-7.63015779152515,-12.038892293028326,-4.858984549308346,1,False,664
2,3,1,KING_HIGHER,6106,44.16956018518518,60.240885416666664,61.11775302980675,0.8768676131400852,1.2774320340648542,-474830.0,104.86748545572075,48.688311688311686,29.593874833555258,60.332893869479236,22.765344252017044,-8.235878126503131,-10.812664518296597,-1.197777426817062,1,False,1502
2,3,3,POS_2_3,2370,17.14409722222222,59.31749131944444,59.23628691983122,-0.08120439961322035,2.067510548523207,-193220.0,53.72112211221122,52.363013698630134,21.168141592920353,106.17073170731707,-14.785822332233224,-6.4043474124809805,-28.97508757374631,46.31830115176152,1,False,565
1,6,1,POS_4PLUS,687,4.983677910772579,64.89771490750816,63.83624454148472,-1.0614703660234426,3.930131004366812,-496890.0,82.25537634408602,57.67197452229299,51.46524064171123,62.9140127388535,14.084216923796163,-1.401443933888089,-14.697799683208984,-3.2665508869454527,1,False,157
2,6,3,MARKET_HIGHER,2927,21.23322451940515,66.52292346753718,64.15937820293816,-2.3635452645990256,6.764605398018449,-2098110.0,59.25394736842105,63.04681139755767,42.56639566395664,93.76011560693641,-7.987646834477502,-14.717117795709889,-9.652200216519134,24.88649561855756,1,False,692
2,6,3,NEG_1,2927,21.23322451940515,66.52292346753718,64.15937820293816,-2.3635452645990256,6.764605398018449,-2098110.0,59.25394736842105,63.04681139755767,42.56639566395664,93.76011560693641,-7.987646834477502,-14.717117795709889,-9.652200216519134,24.88649561855756,1,False,692
2,6,1,MARKET_HIGHER,2927,21.23322451940515,69.06935074356184,66.27861291424666,-2.7907378293151766,15.408267851042023,-1974050.0,64.41513157894737,74.4314789687924,68.04539295392954,57.75794797687861,-1.2982017543859712,-0.3572615999829907,3.0275513525370172,-13.00657846123876,1,False,692
2,6,1,NEG_1,2927,21.23322451940515,69.06935074356184,66.27861291424666,-2.7907378293151766,15.408267851042023,-1974050.0,64.41513157894737,74.4314789687924,68.04539295392954,57.75794797687861,-1.2982017543859712,-0.3572615999829907,3.0275513525370172,-13.00657846123876,1,False,692
3,3,2,MARKET_HIGHER,3922,28.370949074074073,59.470847800925924,56.25318714941356,-3.217660651512361,2.52422233554309,-343150.0,82.92044310171198,48.988821138211385,34.5630081300813,58.34547346514048,10.356785694304577,-7.444917287714539,-6.009908536585364,-9.96760523856323,1,False,961
2,6,2,SAME,4761,34.53754080522307,68.57863619876677,65.26412518378491,-3.3145110149818606,10.901071203528671,-3307550.0,66.76596675415573,79.23722316865417,62.03763440860215,53.749797570850205,-9.267366579177605,5.406404828549697,-0.6254059163180656,-8.022718408231725,1,False,1143
2,6,2,ZERO,4761,34.53754080522307,68.57863619876677,65.26412518378491,-3.3145110149818606,10.901071203528671,-3307550.0,66.76596675415573,79.23722316865417,62.03763440860215,53.749797570850205,-9.267366579177605,5.406404828549697,-0.6254059163180656,-8.022718408231725,1,False,1143
1,3,1,KING_HIGHER,5645,40.834780092592595,51.168619791666664,47.62090345438441,-3.547716337282253,1.7183348095659876,-591360.0,51.00402955003358,49.64818763326226,37.70579813886901,52.030325443786985,-1.821491283299757,-5.835029959330335,-9.672674083353215,3.0430569252684663,1,False,1352
3,6,1,POS_1,2445,17.736670293797605,65.37954298150163,60.96687116564417,-4.412671815857458,5.521472392638037,-1908720.0,67.64778325123153,70.9659090909091,60.6135593220339,45.06269841269841,-3.11801385021775,9.399745422888202,-5.153774591514114,-18.347528199736225,1,False,590
3,6,3,SAME,3686,26.739209285455203,62.77660500544069,57.633749321758,-5.14285568368269,9.35973955507325,-3123240.0,44.60257787325457,61.29203539823009,64.57564377682404,60.196409140369965,-5.749596039788912,-7.815045275014249,5.270740962782845,-12.17241712343015,1,False,904
3,6,3,ZERO,3686,26.739209285455203,62.77660500544069,57.633749321758,-5.14285568368269,9.35973955507325,-3123240.0,44.60257787325457,61.29203539823009,64.57564377682404,60.196409140369965,-5.749596039788912,-7.815045275014249,5.270740962782845,-12.17241712343015,1,False,904
3,3,1,POS_1,2452,17.73726851851852,68.24869791666667,62.400081566068515,-5.8486163505981565,1.0195758564437194,-184390.0,55.114754098360656,64.32956381260097,87.91878172588832,43.67879746835443,-16.670546827565268,-0.019394520732362253,9.241119688851285,-14.504072902015942,1,False,591
3,3,3,NEG_1,2643,19.11892361111111,51.938657407407405,45.57132046916383,-6.367336938243575,2.232311766931517,-287710.0,67.56172839506173,43.343328335832084,45.74626865671642,25.99544072948328,5.197723765432109,-12.630340645649397,-1.4658262506909878,-16.209420381627833,1,False,648
3,3,3,MARKET_HIGHER,3922,28.370949074074073,51.938657407407405,45.51504334523202,-6.423614062175382,1.9632840387557369,-427380.0,66.22356495468279,53.048780487804876,40.238821138211385,21.8054110301769,3.8595603250531596,-2.9248884936766046,-6.97327376919602,-20.399450080934216,1,False,961
1,6,2,POS_4PLUS,687,4.983677910772579,71.75012694958288,64.64264919941776,-7.107477750165117,3.784570596797671,-485810.0,50.99193548387097,113.31528662420382,53.893048128342244,44.945859872611464,-11.496325385694249,31.35605853366407,-17.57678070832732,-26.14739986010207,1,False,157
1,6,2,KING_HIGHER,5634,40.87051142546246,71.75012694958288,63.838480653177136,-7.911646296405742,8.519701810436635,-4074680.0,49.05174731182796,73.92409123307199,72.73620071684587,60.45586053412463,-13.436513557737257,-8.035136857467762,1.2663718801763082,-10.637399198588902,1,False,1348
3,6,2,KING_HIGHER,6183,44.85310119695321,66.73144722524484,58.77203622836811,-7.959410996876727,5.434255215914605,-5098250.0,52.150720838794236,60.14372599231754,44.550587467362924,77.80518234165068,-12.131308146713017,-6.899947832406781,-17.00569335654192,3.7485292329929223,1,False,1526
2,6,3,SAME,4761,34.53754080522307,66.52292346753718,58.46985927326192,-8.053064194275265,9.472799831968073,-3954500.0,59.223534558180226,60.27853492333901,56.28908188585608,58.18785425101215,-8.018059644718328,-17.48539426992855,4.070486005380303,-10.685765737366701,1,False,1143
2,6,3,ZERO,4761,34.53754080522307,66.52292346753718,58.46985927326192,-8.053064194275265,9.472799831968073,-3954500.0,59.223534558180226,60.27853492333901,56.28908188585608,58.18785425101215,-8.018059644718328,-17.48539426992855,4.070486005380303,-10.685765737366701,1,False,1143
1,3,2,POS_1,3012,21.788194444444443,60.08752893518518,50.37848605577689,-9.709042879408294,2.357237715803453,-298920.0,74.89158163265306,43.81899871630295,54.829787234042556,27.197580645161292,-3.15384660808769,-15.43881378369705,4.852935382190701,-25.872442502986853,1,False,705
3,6,3,NEG_2_3,1276,9.256438157417483,62.77660500544069,52.791536050156736,-9.985068955283957,6.269592476489028,-1204760.0,59.97391304347826,54.56528662420382,51.87579617834395,43.724422442244226,9.621739130434783,-14.541794049040519,-7.429106635697245,-28.64440382155589,1,False,303
2,3,3,POS_1,2723,19.697627314814813,59.31749131944444,49.32243848696291,-9.995052832481534,2.791039294895336,-275990.0,70.32514450867052,51.972343522561864,31.24264705882353,43.20783132530121,1.818200064226076,-6.79501758854925,-18.900582107843135,-16.64459923025435,1,False,664
3,3,1,NEG_2_3,1279,9.252025462962964,68.24869791666667,58.16653635652854,-10.082161560138132,2.7365129007036746,-107010.0,61.55072463768116,42.1608832807571,85.52547770700637,42.70627062706271,-10.234576288244767,-22.18807505257623,6.847815669969336,-15.476599743307666,1,False,303
3,6,1,POS_2_3,2432,17.642364889372505,65.37954298150163,54.55324835526316,-10.826294626238472,3.125,-2210530.0,27.175409836065572,52.110047846889955,77.33732876712328,62.61620294599018,-43.59038726538371,-9.456115821130936,11.569994853575267,-0.7940236664444527,1,False,584
2,3,1,MARKET_HIGHER,2934,21.223958333333332,60.240885416666664,49.054192229038854,-11.18669318762781,3.101567825494206,-298950.0,57.42763157894737,66.869918699187,22.804054054054053,48.929597701149426,-24.67450962475634,9.94572888437218,-17.602485297797802,-12.601073595146872,1,False,696
2,3,1,NEG_1,2934,21.223958333333332,60.240885416666664,49.054192229038854,-11.18669318762781,3.101567825494206,-298950.0,57.42763157894737,66.869918699187,22.804054054054053,48.929597701149426,-24.67450962475634,9.94572888437218,-17.602485297797802,-12.601073595146872,1,False,696
2,3,2,MARKET_HIGHER,2934,21.223958333333332,60.099826388888886,48.227675528289026,-11.87215086059986,2.2494887525562373,-303800.0,63.11184210526316,48.06233062330623,49.641891891891895,30.646551724137932,7.007964790448341,-13.002484191508586,-26.2710132007007,-16.671156609195403,1,False,696
2,3,2,NEG_1,2934,21.223958333333332,60.099826388888886,48.227675528289026,-11.87215086059986,2.2494887525562373,-303800.0,63.11184210526316,48.06233062330623,49.641891891891895,30.646551724137932,7.007964790448341,-13.002484191508586,-26.2710132007007,-16.671156609195403,1,False,696
3,6,1,POS_4PLUS,1306,9.474066013783098,65.37954298150163,53.110260336906585,-12.269282644595044,1.3016845329249618,-1224760.0,76.57817589576547,53.007836990595614,53.237430167597765,30.695652173913043,5.812378794316189,-8.558326677425278,-12.52990374595025,-32.714574438521595,1,False,307
3,3,2,NEG_1,2643,19.11892361111111,59.470847800925924,47.13393870601589,-12.336909094910034,2.4593265228906547,-279450.0,90.8641975308642,29.85007496251874,35.28358208955224,33.65501519756839,18.3005401234568,-26.583663463407184,-5.289334577114424,-34.65806350613532,1,False,648
3,3,3,POS_4PLUS,1306,9.447337962962964,51.938657407407405,39.52526799387442,-12.413389413532983,0.7656967840735069,-157960.0,35.4071661237785,47.758620689655174,24.594972067039105,51.8944099378882,-26.956838505851124,-8.215048291826307,-22.6171228403683,9.689548826777084,1,False,307
1,3,3,POS_4PLUS,687,4.969618055555555,68.40205439814815,54.177583697234354,-14.224470700913798,0.29112081513828236,-62960.0,13.25268817204301,0.0,185.85561497326202,0.0,-62.58932571684588,-62.015335648148145,116.74826543622498,-66.64351851851852,1,False,157
3,3,1,POS_2_3,2432,17.59259259259259,68.24869791666667,53.05715460526316,-15.191543311403514,0.5756578947368421,-228330.0,78.63934426229508,46.068580542264755,61.89212328767123,26.243862520458265,6.854043336369159,-18.280377791068574,-16.785538749365806,-31.93900784991211,1,False,584
3,3,1,KING_HIGHER,6190,44.777199074074076,68.24869791666667,52.864297253634895,-15.384400663031776,0.678513731825525,-583540.0,72.5049115913556,43.90095846645367,57.47227658186562,38.150159744408946,0.7196106654296699,-20.447999866879655,-21.205385455171417,-20.03271062596143,1,False,1527
2,3,2,POS_2_3,2370,17.14409722222222,60.099826388888886,40.166666666666664,-19.93315972222222,1.0970464135021096,-283610.0,49.47194719471947,64.04965753424658,20.460176991150444,26.422764227642276,-6.6319301200953475,2.984842719431761,-55.45272810144215,-20.89494410569106,1,False,565
3,6,2,POS_4PLUS,1306,9.474066013783098,66.73144722524484,40.643185298621745,-26.08826192662309,1.9142419601837672,-1550400.0,50.20521172638436,2.9717868338557993,34.4804469273743,75.69875776397515,-14.07681725912289,-64.07188699086852,-27.07583389653054,1.6421046553173966,1,False,307
3,3,1,POS_4PLUS,1306,9.447337962962964,68.24869791666667,34.601837672281775,-33.6468602443849,0.22970903522205208,-170820.0,94.86970684039088,0.0,0.0,49.891304347826086,23.084405914464952,-64.34895833333333,-78.67766203703704,-8.291566022544288,1,False,307
1,6,1,KING_HIGHER,5634,40.87051142546246,64.89771490750816,62.23233936812212,-2.6653755393860408,8.342208022719205,-4255660.0,66.43077956989248,54.47719173200285,63.10250896057347,64.76891691394658,-1.7403798503973746,-4.59622672417823,-3.060531364346744,-1.4116467118523701,0,False,1348
1,6,3,SAME,8151,59.12948857453754,65.47007616974973,60.98533922218133,-4.4847369475684005,6.428659060238008,-6360170.0,57.930682976554536,64.40553108174254,60.31993177387914,61.162607449856736,-7.977432965474449,-4.509442801020086,-1.508469734679025,-4.066474479254239,0,False,1962
1,6,3,ZERO,8151,59.12948857453754,65.47007616974973,60.98533922218133,-4.4847369475684005,6.428659060238008,-6360170.0,57.930682976554536,64.40553108174254,60.31993177387914,61.162607449856736,-7.977432965474449,-4.509442801020086,-1.508469734679025,-4.066474479254239,0,False,1962
2,6,3,POS_1,2717,19.709829524845848,66.52292346753718,61.195068089804934,-5.327855377732249,8.870077291129922,-2108660.0,64.99205202312139,73.86822840409955,44.28350515463917,61.496229260935145,-2.2495421797771655,-3.8957007891680036,-7.935090725836602,-7.377390727443704,0,False,663
1,6,3,POS_1,3002,21.777294160319187,65.47007616974973,57.08027981345769,-8.389796356292038,9.32711525649567,-2576900.0,58.97512755102041,55.34193548387097,50.2674253200569,63.36554054054054,-6.932988391008578,-13.573038398891654,-11.560976188501265,-1.8635413885704324,0,False,703
3,6,1,KING_HIGHER,6183,44.85310119695321,65.37954298150163,56.784651463690764,-8.594891517810865,3.6875303250849103,-5344010.0,53.26605504587156,59.72951344430218,65.26501305483029,48.96481126039667,-17.49974205557772,-1.8366502237187134,-0.5023208587177237,-14.445415352037962,0,False,1526
2,3,3,MARKET_HIGHER,2934,21.223958333333332,59.31749131944444,49.73755964553511,-9.579931673909336,1.6019086571233812,-294940.0,66.29605263157895,40.833333333333336,49.12837837837838,41.74568965517241,-2.2108918128654977,-17.93402777777778,-1.0148507882882853,-18.106740900383144,0,False,696
2,3,3,NEG_1,2934,21.223958333333332,59.31749131944444,49.73755964553511,-9.579931673909336,1.6019086571233812,-294940.0,66.29605263157895,40.833333333333336,49.12837837837838,41.74568965517241,-2.2108918128654977,-17.93402777777778,-1.0148507882882853,-18.106740900383144,0,False,696
1,6,1,POS_2_3,1945,14.109539354370693,64.89771490750816,54.577120822622106,-10.320594084886054,6.426735218508997,-1766950.0,51.79633204633205,53.49787685774947,62.9960396039604,49.471175166297115,-16.374827373957807,-5.575541598431613,-3.1670007209598197,-16.709388459501838,0,False,451
1,6,2,POS_1,3002,21.777294160319187,71.75012694958288,60.64790139906729,-11.102225550515591,10.293137908061292,-2362700.0,59.86607142857143,46.44387096774194,67.87624466571835,69.48513513513514,-2.622189440993786,-35.515357122797816,-3.5935841709512175,-1.6081245975783958,0,False,703
3,6,2,POS_1,2445,17.736670293797605,66.73144722524484,55.16707566462168,-11.564371560623158,7.484662576687117,-2192330.0,45.479474548440066,59.36607142857143,43.46610169491525,71.38412698412698,-18.802554437067187,-7.677602396152892,-18.09017912898959,-2.6725261245307763,0,False,590
1,3,2,KING_HIGHER,5645,40.834780092592595,60.08752893518518,39.06643046944198,-21.0210984657432,1.753764393268379,-687940.0,51.501007387508395,38.056147832267236,40.379384395132426,25.066568047337277,-26.544420853232353,-21.201664667732764,-9.597467456719428,-28.003455100810868,0,False,1352
3,6,3,POS_4PLUS,1306,9.474066013783098,62.77660500544069,37.594946401225116,-25.181658604215578,2.5267993874425727,-1630020.0,32.66449511400651,15.079937304075235,55.48882681564246,44.70652173913044,-17.687678799036966,-54.0271433691691,-3.8160759983987305,-27.66230452466968,0,False,307
1,3,2,POS_2_3,1946,14.076967592592593,60.08752893518518,32.35868448098664,-27.728844454198544,1.3874614594039054,-263260.0,23.410404624277458,41.210191082802545,35.15841584158416,30.277161862527716,-54.635023616463286,-18.047621417197455,-14.818436010267696,-22.79286128562043,0,False,451
1,3,1,POS_4PLUS,687,4.969618055555555,51.168619791666664,13.697234352256187,-37.471385439410476,0.29112081513828236,-118580.0,19.032258064516128,0.0,31.390374331550802,0.0,-33.79326276881721,-55.483217592592595,-15.988097890671419,-48.98726851851852,0,False,157
2,3,1,POS_4PLUS,1013,7.327835648148148,60.240885416666664,17.857847976307998,-42.38303744035866,0.09871668311944719,-166420.0,72.65060240963855,0.0,0.0,0.0,-9.451538794065158,-56.92418981481482,-40.406539351851855,-61.5306712962963,0,False,238
1,3,2,POS_4PLUS,687,4.969618055555555,60.08752893518518,8.471615720524017,-51.61591321466116,0.14556040756914118,-125760.0,31.29032258064516,0.0,0.0,0.0,-46.75510566009559,-59.2578125,-49.976851851851855,-53.070023148148145,0,False,157
