year,shape,winning_tickets,races,median_market_rank,median_model_rank,mean_rank_upgrade
2022,T3=2|T6=3|OUT6=0,79,79,4.0,5.0,-2.670886075949367
2022,T3=1|T6=3|OUT6=0,31,31,8.0,11.0,-1.4516129032258065
2022,T3=3|T6=3|OUT6=0,26,26,1.0,1.0,-2.1538461538461537
2022,T3=1|T6=2|OUT6=1,17,17,17.0,13.0,-0.35294117647058826
2022,T3=2|T6=2|OUT6=1,16,16,10.0,10.0,-2.8125
2022,T3=0|T6=2|OUT6=1,2,2,37.0,15.0,22.0
2022,T3=1|T6=1|OUT6=2,2,2,37.0,25.0,12.0
2022,T3=0|T6=1|OUT6=2,1,1,47.0,40.0,7.0
2023,T3=2|T6=3|OUT6=0,70,70,4.0,5.0,-1.2428571428571429
2023,T3=1|T6=3|OUT6=0,23,23,9.0,15.0,-5.086956521739131
2023,T3=3|T6=3|OUT6=0,21,21,1.0,1.0,-0.6190476190476191
2023,T3=2|T6=2|OUT6=1,17,17,11.0,13.0,-0.058823529411764705
2023,T3=1|T6=2|OUT6=1,16,16,20.0,30.0,-7.125
2023,T3=1|T6=1|OUT6=2,2,2,95.5,60.5,35.0
2024,T3=2|T6=3|OUT6=0,82,82,3.0,4.0,-0.7195121951219512
2024,T3=3|T6=3|OUT6=0,36,36,1.0,1.0,-0.8888888888888888
2024,T3=1|T6=3|OUT6=0,33,33,8.0,9.0,-2.3333333333333335
2024,T3=1|T6=2|OUT6=1,19,19,14.0,25.0,-3.9473684210526314
2024,T3=2|T6=2|OUT6=1,10,10,5.5,9.0,-0.3
2024,T3=0|T6=1|OUT6=2,1,1,57.0,52.0,5.0
2024,T3=0|T6=3|OUT6=0,1,1,16.0,35.0,-19.0
2025,T3=2|T6=3|OUT6=0,106,106,3.0,3.0,-1.2358490566037736
2025,T3=3|T6=3|OUT6=0,35,35,1.0,1.0,0.11428571428571428
2025,T3=1|T6=3|OUT6=0,23,23,10.0,15.0,-2.5652173913043477
2025,T3=1|T6=2|OUT6=1,16,16,17.0,18.5,-3.8125
2025,T3=2|T6=2|OUT6=1,14,14,10.0,9.5,-0.6428571428571429
2025,T3=0|T6=2|OUT6=1,3,3,40.0,52.0,-11.0
2025,T3=1|T6=1|OUT6=2,3,3,31.0,26.0,12.0
2025,T3=0|T6=3|OUT6=0,1,1,4.0,3.0,1.0
