model,blend,cal_race_log_loss,test_year
MARKET_VALUE,0.0,3.2731558281940387,2024
MARKET_VALUE,0.02,3.2732681523889915,2024
MARKET_VALUE,0.05,3.273459374779853,2024
MARKET_VALUE,0.1,3.2738384272188856,2024
MARKET_VALUE,0.2,3.2748215145153394,2024
MARKET_VALUE,0.35,3.276856715348386,2024
MARKET_VALUE,0.5,3.2795689666949954,2024
MARKET_VALUE,0.75,3.285639329139507,2024
MARKET_VALUE,1.0,3.293779517900995,2024
MARKET_KING_VALUE,0.0,3.2731558281940387,2024
MARKET_KING_VALUE,0.02,3.2733232280087217,2024
MARKET_KING_VALUE,0.05,3.2736013134484847,2024
MARKET_KING_VALUE,0.1,3.2741365749995386,2024
MARKET_KING_VALUE,0.2,3.2754757856183128,2024
MARKET_KING_VALUE,0.35,3.278158666557776,2024
MARKET_KING_VALUE,0.5,3.281663759155864,2024
MARKET_KING_VALUE,0.75,3.289418461646469,2024
MARKET_KING_VALUE,1.0,3.299793018058772,2024
L175_VALUE,0.0,3.2731558281940387,2024
L175_VALUE,0.02,3.273179159620087,2024
L175_VALUE,0.05,3.27325098782619,2024
L175_VALUE,0.1,3.273468447462294,2024
L175_VALUE,0.2,3.2742678731105315,2024
L175_VALUE,0.35,3.276377227900147,2024
L175_VALUE,0.5,3.279593230099589,2024
L175_VALUE,0.75,3.2875338457536616,2024
L175_VALUE,1.0,3.2990704131164597,2024
MARKET_VALUE,0.0,3.2373070210084633,2025
MARKET_VALUE,0.02,3.2372596470370465,2025
MARKET_VALUE,0.05,3.2372091096560616,2025
MARKET_VALUE,0.1,3.237179439705466,2025
MARKET_VALUE,0.2,3.2373239998682393,2025
MARKET_VALUE,0.35,3.2380506397736997,2025
MARKET_VALUE,0.5,3.239395323786521,2025
MARKET_VALUE,0.75,3.2430573206438864,2025
MARKET_VALUE,1.0,3.2486260173199804,2025
MARKET_KING_VALUE,0.0,3.2373070210084633,2025
MARKET_KING_VALUE,0.02,3.2372742680388766,2025
MARKET_KING_VALUE,0.05,3.2372485070828656,2025
MARKET_KING_VALUE,0.1,3.2372677161781276,2025
MARKET_KING_VALUE,0.2,3.23753853449069,2025
MARKET_KING_VALUE,0.35,3.2385265224759703,2025
MARKET_KING_VALUE,0.5,3.240221170924053,2025
MARKET_KING_VALUE,0.75,3.2446761836444056,2025
MARKET_KING_VALUE,1.0,3.2513339614132826,2025
L175_VALUE,0.0,3.2373070210084633,2025
L175_VALUE,0.02,3.237216783556656,2025
L175_VALUE,0.05,3.237110566283412,2025
L175_VALUE,0.1,3.23700921278411,2025
L175_VALUE,0.2,3.237080759724758,2025
L175_VALUE,0.35,3.2378515928279477,2025
L175_VALUE,0.5,3.239406321078582,2025
L175_VALUE,0.75,3.243767164321876,2025
L175_VALUE,1.0,3.2504802287922185,2025
