year,candidate,races,council_top3_miss_n,council_top3_miss_rescued,council_top6_miss_n,council_top6_miss_rescued,council_market_top3_both_miss_n,council_market_both_miss_rescued,novel_selected,novel_actual_top3,novel_winner
2021,outsider_bodychange,3456.0,1474.0,329.0,648.0,127.0,1001.0,219.0,6837.0,943.0,220.0
2021,outsider_chimera,3456.0,1474.0,302.0,648.0,69.0,1001.0,165.0,3277.0,636.0,166.0
2021,outsider_classmove,3456.0,1474.0,276.0,648.0,110.0,1001.0,188.0,7608.0,893.0,189.0
2021,outsider_coursetransition,3456.0,1474.0,315.0,648.0,139.0,1001.0,208.0,7446.0,958.0,208.0
2021,outsider_daytrend,3456.0,1474.0,380.0,648.0,143.0,1001.0,236.0,6696.0,958.0,236.0
2021,outsider_disttransition,3456.0,1474.0,332.0,648.0,136.0,1001.0,218.0,6916.0,988.0,219.0
2021,outsider_field,3456.0,1474.0,410.0,648.0,138.0,1001.0,251.0,5768.0,903.0,252.0
2021,outsider_gatecourse,3456.0,1474.0,347.0,648.0,154.0,1001.0,235.0,7315.0,948.0,234.0
2021,outsider_jockey,3456.0,1474.0,291.0,648.0,58.0,1001.0,169.0,3722.0,665.0,170.0
2021,outsider_opponentgap,3456.0,1474.0,317.0,648.0,58.0,1001.0,154.0,3051.0,620.0,153.0
2021,outsider_raceshape,3456.0,1474.0,394.0,648.0,128.0,1001.0,224.0,5463.0,893.0,223.0
2021,outsider_rotation,3456.0,1474.0,381.0,648.0,138.0,1001.0,231.0,5907.0,908.0,232.0
2021,outsider_weightchange,3456.0,1474.0,360.0,648.0,146.0,1001.0,226.0,6545.0,944.0,228.0
