feature,importance_split,importance_gain,test_year
field_size,33,162.0959987640381,2023
race_month,0,0.0,2023
distance_m,72,279.16040992736816,2023
pair_market_q,223,2456.59459400177,2023
pair_market_rank,71,415.00962924957275,2023
pair_consensus_rank_sum,43,242.11361026763916,2023
pair_consensus_rank_abs_gap,17,91.05045008659363,2023
pair_mean_rank_sum,83,490.8985290527344,2023
pair_mean_rank_abs_gap,68,306.32730066776276,2023
pair_rank_std_sum,174,825.0228089094162,2023
pair_rank_std_abs_gap,198,918.6266399621964,2023
pair_top1_votes_sum,30,144.43188047409058,2023
pair_top3_support_sum,39,202.0325403213501,2023
pair_top6_support_sum,21,89.27952027320862,2023
pair_mean_probability_sum,103,491.8095383644104,2023
pair_mean_probability_product,118,557.3137288093567,2023
pair_mean_probability_abs_gap,96,529.2270004749298,2023
pair_expert_direction_agreement,14,36.05887007713318,2023
odds,167,25662.95141083002,2023
market_q_orientation,88,12024.844593524933,2023
market_log_q_orientation,36,12829.566194295883,2023
base_pair_probability,165,826.652892947197,2023
base_direction_probability,208,1078.7799861431122,2023
base_direction_confidence,197,943.9522889852524,2023
base_exacta_probability,109,538.282021522522,2023
base_exacta_logit,68,838.1532146930695,2023
base_naive_ev,303,1319.29723238945,2023
pair_market_share_of_orientation,124,632.8749276399612,2023
dir_consensus_rank_diff,40,205.9832203388214,2023
dir_mean_rank_diff,22,124.98256945610046,2023
dir_rank_std_diff,158,763.030145406723,2023
dir_best_rank_diff,67,181.97634160518646,2023
dir_worst_rank_diff,24,123.4241795539856,2023
dir_top1_votes_diff,56,234.5146805047989,2023
dir_top3_support_diff,23,100.11897015571594,2023
dir_top6_support_diff,17,97.96075105667114,2023
dir_mean_probability_diff,27,164.35132026672363,2023
dir_probability_std_diff,203,900.4490646123886,2023
dir_expert_condition_rank_diff,54,237.93379056453705,2023
dir_expert_condition_prob_diff,84,416.39438116550446,2023
dir_expert_condrc_rank_diff,23,112.09610056877136,2023
dir_expert_condrc_prob_diff,113,549.0988992452621,2023
dir_expert_core4_rank_diff,72,327.1336587667465,2023
dir_expert_core4_prob_diff,119,600.2510106563568,2023
dir_expert_full_rank_diff,11,51.49122977256775,2023
dir_expert_full_prob_diff,71,334.106422662735,2023
dir_expert_light_rank_diff,31,120.88173961639404,2023
dir_expert_light_prob_diff,109,465.0403994321823,2023
dir_expert_pedlegacy_rank_diff,76,316.8890904188156,2023
dir_expert_pedlegacy_prob_diff,117,551.1516078710556,2023
dir_expert_pedv1_rank_diff,43,207.93039226531982,2023
dir_expert_pedv1_prob_diff,108,557.9915709495544,2023
dir_expert_vote_margin,0,0.0,2023
dir_market_q_diff,73,351.5166289806366,2023
dir_market_log_ratio,64,261.2910102009773,2023
market_rank_orientation,87,962.213773727417,2023
base_probability_rank,51,250.2451090812683,2023
base_ev_rank,229,1102.8720923662186,2023
field_size,54,304.293497800827,2024
race_month,64,294.0479099750519,2024
distance_m,52,310.2465908527374,2024
pair_market_q,155,7592.786192655563,2024
pair_market_rank,53,243.94353032112122,2024
pair_consensus_rank_sum,26,162.43975067138672,2024
pair_consensus_rank_abs_gap,16,94.15248012542725,2024
pair_mean_rank_sum,140,786.5733629465103,2024
pair_mean_rank_abs_gap,94,578.3329594135284,2024
pair_rank_std_sum,159,933.4326409101486,2024
pair_rank_std_abs_gap,198,1106.384016752243,2024
pair_top1_votes_sum,8,44.84123921394348,2024
pair_top3_support_sum,28,197.5405788421631,2024
pair_top6_support_sum,27,147.2342402935028,2024
pair_mean_probability_sum,92,447.55728936195374,2024
pair_mean_probability_product,165,924.2973217964172,2024
pair_mean_probability_abs_gap,105,656.2504986524582,2024
pair_expert_direction_agreement,1,5.146969795227051,2024
odds,256,85141.79248225689,2024
market_q_orientation,144,27003.51054263115,2024
market_log_q_orientation,114,52014.50082731247,2024
base_pair_probability,152,5188.420693039894,2024
base_direction_probability,139,792.2620816230774,2024
base_direction_confidence,237,1270.1017206907272,2024
base_exacta_probability,87,1853.00909948349,2024
base_exacta_logit,55,884.27121758461,2024
base_naive_ev,205,1162.3660205602646,2024
pair_market_share_of_orientation,125,698.6448187828064,2024
dir_consensus_rank_diff,17,104.21152019500732,2024
dir_mean_rank_diff,64,363.42625057697296,2024
dir_rank_std_diff,146,702.9878627061844,2024
dir_best_rank_diff,35,181.06595182418823,2024
dir_worst_rank_diff,41,189.24371933937073,2024
dir_top1_votes_diff,12,75.27520942687988,2024
dir_top3_support_diff,21,132.9458396434784,2024
dir_top6_support_diff,21,129.7478904724121,2024
dir_mean_probability_diff,22,150.46384978294373,2024
dir_probability_std_diff,201,1140.4060785770416,2024
dir_expert_condition_rank_diff,71,373.1100904941559,2024
dir_expert_condition_prob_diff,74,388.4429029226303,2024
dir_expert_condrc_rank_diff,32,172.69664025306702,2024
dir_expert_condrc_prob_diff,68,403.3709419965744,2024
dir_expert_core4_rank_diff,60,292.34416806697845,2024
dir_expert_core4_prob_diff,96,531.2312078475952,2024
dir_expert_full_rank_diff,34,191.2964906692505,2024
dir_expert_full_prob_diff,64,389.33743119239807,2024
dir_expert_light_rank_diff,49,258.31891989707947,2024
dir_expert_light_prob_diff,98,637.5000613927841,2024
dir_expert_pedlegacy_rank_diff,56,323.9111577272415,2024
dir_expert_pedlegacy_prob_diff,111,663.8124132156372,2024
dir_expert_pedv1_rank_diff,57,307.2427499294281,2024
dir_expert_pedv1_prob_diff,96,608.3722507953644,2024
dir_expert_vote_margin,2,18.289240837097168,2024
dir_market_q_diff,118,657.9822292327881,2024
dir_market_log_ratio,71,403.8867824077606,2024
market_rank_orientation,89,703.9040175676346,2024
base_probability_rank,136,817.470269203186,2024
base_ev_rank,127,710.4053221940994,2024
field_size,74,475.02749967575073,2025
race_month,61,305.0676395893097,2025
distance_m,100,510.09145975112915,2025
pair_market_q,204,2456.8372237682343,2025
pair_market_rank,41,243.308238863945,2025
pair_consensus_rank_sum,41,237.40708017349243,2025
pair_consensus_rank_abs_gap,30,189.4409098625183,2025
pair_mean_rank_sum,150,853.0802890062332,2025
pair_mean_rank_abs_gap,78,396.0127087831497,2025
pair_rank_std_sum,188,1153.6113398075104,2025
pair_rank_std_abs_gap,167,1085.9847548007965,2025
pair_top1_votes_sum,13,68.87371969223022,2025
pair_top3_support_sum,16,135.33222031593323,2025
pair_top6_support_sum,16,92.74733972549438,2025
pair_mean_probability_sum,129,777.6372494697571,2025
pair_mean_probability_product,122,859.031378030777,2025
pair_mean_probability_abs_gap,134,824.5814505815506,2025
pair_expert_direction_agreement,7,38.98871970176697,2025
odds,200,60830.17681467533,2025
market_q_orientation,88,41434.54969573021,2025
market_log_q_orientation,85,68861.61178684235,2025
base_pair_probability,142,4246.292910218239,2025
base_direction_probability,110,761.5969507694244,2025
base_direction_confidence,158,985.4634226560593,2025
base_exacta_probability,96,2330.9124631881714,2025
base_exacta_logit,198,12529.756927847862,2025
base_naive_ev,248,1584.203594326973,2025
pair_market_share_of_orientation,146,720.4303907155991,2025
dir_consensus_rank_diff,6,40.178889989852905,2025
dir_mean_rank_diff,54,306.2880095243454,2025
dir_rank_std_diff,137,729.7368092536926,2025
dir_best_rank_diff,7,41.63551998138428,2025
dir_worst_rank_diff,53,291.34439992904663,2025
dir_top1_votes_diff,18,131.309419631958,2025
dir_top3_support_diff,17,103.53503942489624,2025
dir_top6_support_diff,18,110.7923789024353,2025
dir_mean_probability_diff,30,192.56001901626587,2025
dir_probability_std_diff,156,922.1418896913528,2025
dir_expert_condition_rank_diff,19,86.05478000640869,2025
dir_expert_condition_prob_diff,113,821.2842342853546,2025
dir_expert_condrc_rank_diff,54,257.35671150684357,2025
dir_expert_condrc_prob_diff,126,741.1728785037994,2025
dir_expert_core4_rank_diff,34,195.46104073524475,2025
dir_expert_core4_prob_diff,149,855.6784012317657,2025
dir_expert_full_rank_diff,16,102.70939040184021,2025
dir_expert_full_prob_diff,87,553.088506937027,2025
dir_expert_light_rank_diff,40,223.84719967842102,2025
dir_expert_light_prob_diff,140,841.4591401815414,2025
dir_expert_pedlegacy_rank_diff,36,226.17788124084473,2025
dir_expert_pedlegacy_prob_diff,78,498.73566150665283,2025
dir_expert_pedv1_rank_diff,30,148.52992010116577,2025
dir_expert_pedv1_prob_diff,70,439.7482237815857,2025
dir_expert_vote_margin,0,0.0,2025
dir_market_q_diff,99,596.3455379009247,2025
dir_market_log_ratio,75,350.9166398048401,2025
market_rank_orientation,83,446.92163038253784,2025
base_probability_rank,71,473.2733814716339,2025
base_ev_rank,182,1097.923489689827,2025
