fixed_pct,coverage_pct,avg_board_pct,avg_tickets,median_tickets,top10_route_pct,top25_route_pct,full_route_pct
2,32.71631510977185,1.9999999999999998,39.50150667240637,35.0,0.0,0.0,0.0
5,50.66724063710719,4.999999999999999,97.63237193284546,86.0,0.0,0.0,0.0
10,68.44597503228583,9.999999999999998,194.8854928971158,172.0,100.0,0.0,0.0
15,77.05553164012053,15.0,292.33534222987515,258.0,0.0,0.0,0.0
20,82.65174343521309,19.999999999999996,389.5884631941455,344.0,0.0,0.0,0.0
25,86.99956952216961,25.0,486.8557899268188,429.0,0.0,100.0,0.0
30,90.0990099009901,30.0,584.2914334911752,515.0,0.0,0.0,0.0
40,94.18854928971157,39.99999999999999,778.9944037882049,687.0,0.0,0.0,0.0
50,96.771416272062,50.0,973.5148514851485,858.0,0.0,0.0,0.0
75,99.18209212225571,75.0,1460.3706414119672,1287.0,0.0,0.0,0.0
100,100.0,100.0,1947.029702970297,1716.0,0.0,0.0,100.0
