test_year,scope,decile,horses,collapse_n,collapse_rate_pct,mean_vote_delta_pp,min_vote_delta_pp,max_vote_delta_pp
2024,KING_TOP6,1,2072,1404,67.76061776061776,-4.27816978162503,-11.19747994719776,-2.88945240078213
2024,KING_TOP6,2,2071,1293,62.43360695316272,-2.1977402220586773,-2.8889038055378,-1.6733450026821102
2024,KING_TOP6,3,2072,1297,62.5965250965251,-1.3401581640884,-1.6727388640046401,-1.0633010875156401
2024,KING_TOP6,4,2071,1240,59.87445678416224,-0.814881150143927,-1.0632497533621899,-0.5611657132744
2024,KING_TOP6,5,2072,1220,58.88030888030889,-0.31903074817236277,-0.56116214219915,-0.0828855446173
2024,KING_TOP6,6,2071,1153,55.67358763882182,0.15368746389538052,-0.08259895939605999,0.40725610358277
2024,KING_TOP6,7,2071,1153,55.67358763882182,0.6927585796915066,0.40754574055014,1.00174872871215
2024,KING_TOP6,8,2072,1266,61.100386100386096,1.3480765266575319,1.0021303634068102,1.73239508953306
2024,KING_TOP6,9,2071,1312,63.35103814582327,2.23689660186113,1.7328264299552198,2.85027749053224
2024,KING_TOP6,10,2072,1484,71.62162162162163,4.128816562850863,2.85112766733259,9.94604951523525
2024,MARKET_TOP6,1,2075,1372,66.12048192771084,-4.365804763894246,-9.99860234534733,-2.98593007431367
2024,MARKET_TOP6,2,2074,1290,62.19864995178399,-2.2856403963223606,-2.98591488585693,-1.7625896016482099
2024,MARKET_TOP6,3,2074,1223,58.968177434908384,-1.4221402695934509,-1.76256045422978,-1.13757700075289
2024,MARKET_TOP6,4,2074,1184,57.0877531340405,-0.8782055152488507,-1.13756420482811,-0.61549946306735
2024,MARKET_TOP6,5,2074,1147,55.30376084860173,-0.35817922577254413,-0.61544811521304,-0.11430630839562
2024,MARKET_TOP6,6,2074,1105,53.278688524590166,0.13020441404795155,-0.11427822768442,0.38821337053591
2024,MARKET_TOP6,7,2074,1102,53.13404050144648,0.6762313815991027,0.38826480737751,0.9888546894118401
2024,MARKET_TOP6,8,2074,1229,59.25747348119575,1.3310724568292627,0.9895064253255099,1.7188487118845301
2024,MARKET_TOP6,9,2074,1282,61.81292189006751,2.227030374699832,1.71963372672276,2.84645872555007
2024,MARKET_TOP6,10,2075,1435,69.1566265060241,4.163078615761139,2.84714570551988,15.82729413116157
2024,BOTH_TOP6,1,1714,1096,63.94399066511085,-4.290980212953699,-9.99860234534733,-2.88704675260551
2024,BOTH_TOP6,2,1713,998,58.260361938120255,-2.1964766373374705,-2.88582679318527,-1.67484818901063
2024,BOTH_TOP6,3,1713,969,56.56742556917689,-1.3343037704087815,-1.6747152600535602,-1.05360612481525
2024,BOTH_TOP6,4,1713,906,52.88966725043783,-0.7985210929980028,-1.0536019793257099,-0.53353185031199
2024,BOTH_TOP6,5,1713,878,51.255107997664915,-0.28954875685188564,-0.53349849850578,-0.055604899487849996
2024,BOTH_TOP6,6,1713,847,49.44541739638062,0.1773847035979705,-0.05558644988258,0.42491081114786006
2024,BOTH_TOP6,7,1713,861,50.26269702276708,0.7039298814876496,0.42491301957238004,1.00174872871215
2024,BOTH_TOP6,8,1713,982,57.32632807939287,1.333964084964714,1.0021303634068102,1.7042669829121198
2024,BOTH_TOP6,9,1713,996,58.14360770577933,2.1925547749408416,1.7056226751414,2.78920673463437
2024,BOTH_TOP6,10,1714,1171,68.31971995332555,4.032652246933324,2.7896060707210903,9.94604951523525
2024,KING_TOP3,1,1037,598,57.666345226615235,-3.4843124532347267,-9.99860234534733,-2.1478568390550503
2024,KING_TOP3,2,1036,534,51.54440154440154,-1.6737248475031972,-2.1477991740151503,-1.28169492077341
2024,KING_TOP3,3,1036,512,49.42084942084942,-1.0242526684479047,-1.2802974760302601,-0.79159170132815
2024,KING_TOP3,4,1036,489,47.2007722007722,-0.5532419548066597,-0.79050356328546,-0.3211735968805
2024,KING_TOP3,5,1036,457,44.11196911196911,-0.10818672676196359,-0.32084755893323996,0.08657617622222
2024,KING_TOP3,6,1036,451,43.53281853281853,0.31728924157807764,0.08669665360585001,0.5563945621531
2024,KING_TOP3,7,1036,468,45.173745173745175,0.8060488313201926,0.5567491674803501,1.08502437355375
2024,KING_TOP3,8,1036,547,52.7992277992278,1.3956595873795663,1.08506721314874,1.74382661395931
2024,KING_TOP3,9,1036,564,54.440154440154444,2.1863747481758558,1.74516184581262,2.75466367856275
2024,KING_TOP3,10,1037,695,67.02025072324011,3.9795628850148113,2.75900933910112,9.94604951523525
2024,MARKET_TOP3,1,1042,522,50.09596928982726,-3.332298420879972,-8.92096916749451,-2.14099830870511
2024,MARKET_TOP3,2,1042,491,47.12092130518234,-1.6597504836502242,-2.13885791791247,-1.28941263677725
2024,MARKET_TOP3,3,1042,477,45.77735124760077,-1.0500360147147745,-1.28920634364451,-0.8154205868444799
2024,MARKET_TOP3,4,1042,425,40.78694817658349,-0.5791914803199124,-0.81491971042195,-0.34839805980003
2024,MARKET_TOP3,5,1042,413,39.63531669865643,-0.1391259413780531,-0.34820139971452,0.05638162521324
2024,MARKET_TOP3,6,1042,425,40.78694817658349,0.26890202998888185,0.05664978331406,0.49892130255275
2024,MARKET_TOP3,7,1042,426,40.88291746641075,0.7373252934345904,0.49893189154479,1.0021303634068102
2024,MARKET_TOP3,8,1042,511,49.04030710172745,1.3006753088887306,1.00329285752911,1.64347437991605
2024,MARKET_TOP3,9,1042,516,49.520153550863725,2.059541908752937,1.64358398613409,2.5761485818239
2024,MARKET_TOP3,10,1042,628,60.26871401151631,3.6913731215797636,2.57743389019679,10.55743851617122
2025,KING_TOP6,1,2072,1393,67.22972972972973,-4.216854008052833,-10.56678209811469,-2.91800196151635
2025,KING_TOP6,2,2072,1331,64.23745173745174,-2.275220724856955,-2.91786794706822,-1.7356122024533498
2025,KING_TOP6,3,2071,1334,64.4133268952197,-1.3601845125790046,-1.7355434265301,-1.06238853423245
2025,KING_TOP6,4,2072,1235,59.6042471042471,-0.8326955096668506,-1.06216274856786,-0.6126709329202
2025,KING_TOP6,5,2071,1198,57.846450989859974,-0.38951904099965284,-0.61241975272183,-0.16038191141571
2025,KING_TOP6,6,2072,1169,56.41891891891891,0.11412942679369592,-0.16033664832094,0.42589685551983
2025,KING_TOP6,7,2071,1161,56.059874456784165,0.7416195363675459,0.42601276215287,1.06525012583555
2025,KING_TOP6,8,2072,1229,59.31467181467182,1.4405518942248015,1.06536207895353,1.84414964035887
2025,KING_TOP6,9,2071,1328,64.12361178174794,2.361146467019184,1.8449594210947402,2.9919428246015602
2025,KING_TOP6,10,2072,1466,70.75289575289575,4.40140887338136,2.99217809690476,17.11450693372302
2025,MARKET_TOP6,1,2075,1352,65.1566265060241,-4.231040000898624,-10.17456966463301,-2.93808191954178
2025,MARKET_TOP6,2,2075,1282,61.783132530120476,-2.3085909378687943,-2.93779535400216,-1.80152015183686
2025,MARKET_TOP6,3,2075,1288,62.0722891566265,-1.4332639095482955,-1.8008556558124702,-1.12407884951224
2025,MARKET_TOP6,4,2075,1182,56.96385542168675,-0.8792073264274414,-1.1239924929648,-0.64191387420985
2025,MARKET_TOP6,5,2075,1119,53.92771084337349,-0.4023399215170963,-0.64171022737709,-0.16376148072638
2025,MARKET_TOP6,6,2075,1142,55.03614457831325,0.11638710678954188,-0.16366038176699,0.42863544592517
2025,MARKET_TOP6,7,2075,1140,54.93975903614457,0.7502155766889037,0.42868002739946,1.0770069036210699
2025,MARKET_TOP6,8,2075,1197,57.68674698795181,1.4523120018171851,1.0770583963859401,1.8555023142190499
2025,MARKET_TOP6,9,2075,1297,62.50602409638554,2.372047527552524,1.8565884122259,2.99939162316732
2025,MARKET_TOP6,10,2075,1455,70.12048192771084,4.445020498711112,2.99960544361281,17.11450693372302
2025,BOTH_TOP6,1,1720,1091,63.43023255813953,-4.199760586590904,-10.17456966463301,-2.88966784567171
2025,BOTH_TOP6,2,1719,1006,58.522396742292024,-2.245778662517207,-2.8890243213758398,-1.7136317223806101
2025,BOTH_TOP6,3,1719,1021,59.39499709133217,-1.3290212973456288,-1.7132741380899499,-1.0203695483512
2025,BOTH_TOP6,4,1720,898,52.2093023255814,-0.7857370956824447,-1.01962405051341,-0.56296427575777
2025,BOTH_TOP6,5,1719,876,50.959860383944154,-0.33511177979245116,-0.5622564270432501,-0.11077876962807
2025,BOTH_TOP6,6,1719,895,52.065154159395,0.17216279665346687,-0.11056548817478,0.48029610419047997
2025,BOTH_TOP6,7,1720,893,51.918604651162795,0.7824233328792235,0.48030282657559,1.09111599472437
2025,BOTH_TOP6,8,1719,943,54.85747527632344,1.4566566081087886,1.09226368230632,1.84409437969377
2025,BOTH_TOP6,9,1719,1036,60.26759744037231,2.346544686959379,1.84410859970291,2.95370270809948
2025,BOTH_TOP6,10,1720,1177,68.43023255813954,4.341348774894223,2.95485235481046,17.11450693372302
2025,KING_TOP3,1,1037,584,56.31629701060752,-3.6138786455877834,-10.56678209811469,-2.3733754020126603
2025,KING_TOP3,2,1036,529,51.061776061776065,-1.804648990410542,-2.37295325305827,-1.33319901341827
2025,KING_TOP3,3,1037,541,52.169720347155256,-1.0422225664466411,-1.3321146570172,-0.8025493974686699
2025,KING_TOP3,4,1036,495,47.77992277992278,-0.589303575552729,-0.80208206016262,-0.37142462523656
2025,KING_TOP3,5,1037,449,43.29797492767599,-0.17930876715277802,-0.37108183438379,0.03269987787891
2025,KING_TOP3,6,1036,475,45.84942084942085,0.3163941286274478,0.03454012592613,0.5927584461024099
2025,KING_TOP3,7,1036,481,46.42857142857143,0.8606420771233048,0.5930301700398,1.13266552531733
2025,KING_TOP3,8,1037,493,47.540983606557376,1.481168275589864,1.13302035593032,1.84320700564525
2025,KING_TOP3,9,1036,564,54.440154440154444,2.3285546415969414,1.84414964035887,2.90705162571808
2025,KING_TOP3,10,1037,664,64.03085824493732,4.226672604569658,2.9086555416471,13.64885117549289
2025,MARKET_TOP3,1,1043,503,48.22627037392138,-3.421456771007039,-9.445670269098711,-2.2534592445558497
2025,MARKET_TOP3,2,1042,499,47.88867562380039,-1.7359718671752515,-2.25276995060265,-1.3029216074310501
2025,MARKET_TOP3,3,1042,472,45.297504798464495,-1.0248769856973483,-1.30278523370934,-0.79068946573782
2025,MARKET_TOP3,4,1043,436,41.80249280920422,-0.5785387340960347,-0.7901898592097001,-0.3633611517487
2025,MARKET_TOP3,5,1042,415,39.82725527831094,-0.17636266868915224,-0.3629414552254,0.02515365355144
2025,MARKET_TOP3,6,1042,482,46.257197696737045,0.3032354648624244,0.02833328841835,0.57514500936203
2025,MARKET_TOP3,7,1043,453,43.43240651965484,0.8336205631014393,0.5753503894990699,1.10736306777549
2025,MARKET_TOP3,8,1042,482,46.257197696737045,1.4164422800545544,1.10824505950766,1.7511729613232399
2025,MARKET_TOP3,9,1042,536,51.439539347408825,2.196003632538325,1.75158536142954,2.7353703062076797
2025,MARKET_TOP3,10,1043,630,60.40268456375839,3.973163868679139,2.73648658588348,16.88043518252939
