test_year,mode,bet_type,edge_band,tickets,mean_predicted_hit_pct,actual_hit_pct,calibration_gap_pp,roi_pct
2024,AI_ONLY,WIN,NEG,25774,7.925800804737923,10.906339722200668,-2.9805389174627432,73.98502366726159
2024,AI_ONLY,WIN,0_10,2430,8.928273697185322,6.954732510288066,1.9735411868972572,91.75308641975309
2024,AI_ONLY,WIN,10_20,2068,8.431028755776934,5.609284332688588,2.821744423088347,90.8752417794971
2024,AI_ONLY,WIN,20_50,4732,7.393028253434382,3.930684699915469,3.4623435535189127,70.61707523245985
2024,AI_ONLY,WIN,50_100,4593,6.030331381188579,2.024820378837361,4.005511002351217,58.42804267363379
2024,AI_ONLY,WIN,100_PLUS,7397,5.314075406046636,1.1491145058807626,4.164960900165873,54.3828579153711
2024,AI_ONLY,QUINELLA,NEG,170472,1.0388831636044689,1.6348725890468816,-0.5959894254424127,60.032263362898306
2024,AI_ONLY,QUINELLA,0_10,12664,1.4766621282762409,0.9870499052432091,0.48961222303303187,59.12665824384081
2024,AI_ONLY,QUINELLA,10_20,11317,1.4233915656875695,0.918971458867191,0.5044201068203787,72.60758151453565
2024,AI_ONLY,QUINELLA,20_50,27310,1.3208975399440435,0.7250091541559868,0.5958883857880566,62.051629439765655
2024,AI_ONLY,QUINELLA,50_100,30027,1.201493009992932,0.449595364172245,0.7518976458206871,49.75821760415626
2024,AI_ONLY,QUINELLA,100_PLUS,59130,1.0373684316879201,0.18941315744968712,0.847955274238233,53.24708269913749
2024,AI_ONLY,EXACTA,NEG,333439,0.5377443162032078,0.8508302867990847,-0.3130859705958769,62.034015217176155
2024,AI_ONLY,EXACTA,0_10,24503,0.6969573187267227,0.4652491531649186,0.23170816556180418,48.92462147492144
2024,AI_ONLY,EXACTA,10_20,21929,0.695683479563312,0.44233663185735783,0.2533468477059542,53.92174745770441
2024,AI_ONLY,EXACTA,20_50,53082,0.6580273671275078,0.3296786104517539,0.32834875667575397,52.39252477299273
2024,AI_ONLY,EXACTA,50_100,60048,0.585940722536471,0.24980015987210233,0.3361405626643687,82.24470423661072
2024,AI_ONLY,EXACTA,100_PLUS,128834,0.49403036105902226,0.07296210627629353,0.42106825478272875,44.57363739385566
2024,AI_ONLY,TRIO,NEG,757014,0.21948388116560225,0.3706668568877194,-0.15118297572211714,52.72137635499475
2024,AI_ONLY,TRIO,0_10,41039,0.4124601140476835,0.2729111333122152,0.1395489807354683,65.31567533321962
2024,AI_ONLY,TRIO,10_20,37308,0.3971530092362639,0.2573174654229656,0.13983554381329835,61.41658625495872
2024,AI_ONLY,TRIO,20_50,93434,0.3824041703252719,0.18087634051844081,0.20152782980683107,58.84710062718069
2024,AI_ONLY,TRIO,50_100,110463,0.34147715501482667,0.1240234286593701,0.21745372635545654,66.38956030526059
2024,AI_ONLY,TRIO,100_PLUS,283153,0.26153193457157486,0.05050273173867132,0.2110292028329035,44.36431893711174
2024,AI_ONLY,TRIFECTA,NEG,4183838,0.03841601664365056,0.06802366630830352,-0.029607649664652964,54.228586288474844
2024,AI_ONLY,TRIFECTA,0_10,226154,0.06524864520723757,0.04731289298442654,0.01793575222281103,51.39794122589032
2024,AI_ONLY,TRIFECTA,10_20,207660,0.06293512424318005,0.03948762400077049,0.02344750024240956,68.96696523162862
2024,AI_ONLY,TRIFECTA,20_50,530718,0.060339968459584344,0.028828869569149717,0.03151109889043462,77.31914123885001
2024,AI_ONLY,TRIFECTA,50_100,651455,0.05494963193732726,0.02164385874695873,0.03330577319036853,63.0682702565795
2024,AI_ONLY,TRIFECTA,100_PLUS,2087936,0.04263901762045711,0.007040445684158902,0.03559857193629821,45.94078554131927
2024,DIVERGENCE_CORR,WIN,NEG,39015,8.094049488945187,8.432654107394592,-0.33860461844940387,71.94207356145073
2024,DIVERGENCE_CORR,WIN,0_10,2652,4.393394928831099,3.0165912518853695,1.3768036769457292,56.36500754147813
2024,DIVERGENCE_CORR,WIN,10_20,1631,3.5365586595215874,2.391171060698958,1.1453875988226294,78.8412017167382
2024,DIVERGENCE_CORR,WIN,20_50,2452,2.993599173201497,1.5905383360522023,1.4030608371492943,57.4673735725938
2024,DIVERGENCE_CORR,WIN,50_100,831,3.109561949088586,0.9626955475330926,2.1468664015554935,58.08664259927798
2024,DIVERGENCE_CORR,WIN,100_PLUS,413,5.488855959999084,0.9685230024213075,4.520332957577777,117.43341404358354
2024,DIVERGENCE_CORR,QUINELLA,NEG,266541,1.0989381263625888,1.1840579873265276,-0.08511986096393896,59.49880131011739
2024,DIVERGENCE_CORR,QUINELLA,0_10,13338,1.6399218700300748,1.0721247563352827,0.5677971136947921,42.85874943769681
2024,DIVERGENCE_CORR,QUINELLA,10_20,7862,1.608308669135782,0.8522004578987535,0.7561082112370286,41.62045281098957
2024,DIVERGENCE_CORR,QUINELLA,20_50,13809,0.9776968288556667,0.5431240495329133,0.4345727793227533,56.094576001158664
2024,DIVERGENCE_CORR,QUINELLA,50_100,6635,0.48598751637689375,0.24114544084400905,0.24484207553288476,74.32856066314996
2024,DIVERGENCE_CORR,QUINELLA,100_PLUS,2735,0.45506015398608296,0.14625228519195613,0.3088078687941268,42.413162705667276
2024,DIVERGENCE_CORR,EXACTA,NEG,533940,0.5708543896711102,0.6060606060606061,-0.03520621638949581,59.56959583473799
2024,DIVERGENCE_CORR,EXACTA,0_10,19215,0.7482468787647559,0.4944054124381993,0.2538414663265566,43.46968514181629
2024,DIVERGENCE_CORR,EXACTA,10_20,14173,0.6077519789122087,0.34572779228109785,0.26202418663111077,62.58660833980103
2024,DIVERGENCE_CORR,EXACTA,20_50,26509,0.4286101366310741,0.25651665472103813,0.17209348191003604,79.06258251914444
2024,DIVERGENCE_CORR,EXACTA,50_100,20363,0.24007252495744852,0.07366301625497225,0.16640950870247626,32.81343613416491
2024,DIVERGENCE_CORR,EXACTA,100_PLUS,7635,0.17762300834977454,0.05239030779305828,0.1252327005567163,30.804191224623445
2024,DIVERGENCE_CORR,TRIO,NEG,1128618,0.2523024773665779,0.2733431506497327,-0.02104067328315473,55.2610360635751
2024,DIVERGENCE_CORR,TRIO,0_10,34100,0.638592304440453,0.4310850439882698,0.20750726045218326,45.70791788856305
2024,DIVERGENCE_CORR,TRIO,10_20,27471,0.551101504277484,0.35673983473481125,0.19436166954267273,35.59935932437843
2024,DIVERGENCE_CORR,TRIO,20_50,67308,0.27127135738781083,0.16639923931776313,0.1048721180700477,45.4161466690438
2024,DIVERGENCE_CORR,TRIO,50_100,46022,0.09871437172086311,0.045630350701838254,0.05308402101902485,50.28855764634305
2024,DIVERGENCE_CORR,TRIO,100_PLUS,18892,0.04921714247575216,0.0,0.04921714247575216,0.0
2024,DIVERGENCE_CORR,TRIFECTA,NEG,7066630,0.0402175038726666,0.04395305824700034,-0.0037355543743337397,54.65027177027805
2024,DIVERGENCE_CORR,TRIFECTA,0_10,221143,0.10033600839961097,0.06828160963720308,0.032054398762407905,68.45095707302515
2024,DIVERGENCE_CORR,TRIFECTA,10_20,151973,0.09237587265865568,0.05198291801833221,0.04039295464032348,37.452244806643286
2024,DIVERGENCE_CORR,TRIFECTA,20_50,281162,0.0666332603347742,0.040190352892638406,0.026442907442135784,64.34905854987517
2024,DIVERGENCE_CORR,TRIFECTA,50_100,127366,0.04699136059537642,0.021198750058885416,0.025792610536490998,45.19597066721103
2024,DIVERGENCE_CORR,TRIFECTA,100_PLUS,39487,0.006348768745644213,0.0,0.006348768745644213,0.0
2025,AI_ONLY,WIN,NEG,23878,8.671872227449525,11.646704079068599,-2.974831851619075,78.32984337046653
2025,AI_ONLY,WIN,0_10,2460,8.625793948135868,5.365853658536586,3.259940289599282,63.63414634146341
2025,AI_ONLY,WIN,10_20,2177,7.7630500124397255,5.649977032613688,2.1130729798260366,81.50666054203032
2025,AI_ONLY,WIN,20_50,4972,7.006937558024685,4.304102976669348,2.7028345813553365,71.94690265486726
2025,AI_ONLY,WIN,50_100,5221,5.346128344789495,2.3750239417736068,2.971104403015888,70.51905765179085
2025,AI_ONLY,WIN,100_PLUS,9007,4.170399948575517,0.9659153991340069,3.2044845494415104,54.33107582991007
2025,AI_ONLY,QUINELLA,NEG,158319,1.1607555936630738,1.7755291531654445,-0.6147735595023708,69.11848862107517
2025,AI_ONLY,QUINELLA,0_10,13358,1.3519093358022438,0.9133103758047612,0.43859895999748244,57.709237909866744
2025,AI_ONLY,QUINELLA,10_20,12209,1.3090867455538095,0.8682119747727086,0.44087477078110093,108.19641248259481
2025,AI_ONLY,QUINELLA,20_50,30868,1.1598918267460736,0.5539717506803162,0.6059200760657574,54.285668005701694
2025,AI_ONLY,QUINELLA,50_100,35199,0.9877374878354652,0.3920565925168329,0.5956808953186323,59.82925651296912
2025,AI_ONLY,QUINELLA,100_PLUS,70438,0.8108972066274421,0.16752321190266617,0.643373994724776,43.005621965416395
2025,AI_ONLY,EXACTA,NEG,312945,0.589280030925242,0.9087858888942146,-0.31950585796897263,65.30316828835738
2025,AI_ONLY,EXACTA,0_10,25415,0.6894915779019555,0.46035805626598464,0.2291335216359708,86.86208931733228
2025,AI_ONLY,EXACTA,10_20,23695,0.6600474696006483,0.42202996412745303,0.23801750547319533,94.8748681156362
2025,AI_ONLY,EXACTA,20_50,58712,0.582375107391757,0.27592315029295544,0.3064519570988016,63.6648385338602
2025,AI_ONLY,EXACTA,50_100,68303,0.49479244276917467,0.19179245421138164,0.3029999885577931,50.62837649883607
2025,AI_ONLY,EXACTA,100_PLUS,151706,0.3950818817573859,0.07778202576035226,0.31729985599703364,48.79286251038192
2025,AI_ONLY,TRIO,NEG,704869,0.2499219683259598,0.40475606105531664,-0.15483409272935686,60.75195532786943
2025,AI_ONLY,TRIO,0_10,52978,0.31758017056037396,0.19819547736796406,0.11938469319240985,45.44244780852429
2025,AI_ONLY,TRIO,10_20,47869,0.3105829209048657,0.18383504982347657,0.12674787108138913,35.566441747268584
2025,AI_ONLY,TRIO,20_50,118070,0.2981161834654025,0.14059456254764122,0.15752162091776126,42.92538324722622
2025,AI_ONLY,TRIO,50_100,136510,0.26130867185553425,0.10182404219471101,0.15948462966082325,45.83913266427368
2025,AI_ONLY,TRIO,100_PLUS,320808,0.20814902189014786,0.03584698635944241,0.17230203553070547,36.37583850776789
2025,AI_ONLY,TRIFECTA,NEG,3701170,0.045287413199087224,0.07765112113196637,-0.03236370793287916,60.032135784089895
2025,AI_ONLY,TRIFECTA,0_10,284232,0.05140875975484895,0.03940443018379352,0.01200432957105543,90.34503504179685
2025,AI_ONLY,TRIFECTA,10_20,262255,0.05020782924158209,0.02745419534422604,0.022753633897356053,53.04981792530171
2025,AI_ONLY,TRIFECTA,20_50,665199,0.04727723025063039,0.02104633350320731,0.02623089674742308,62.255279998917615
2025,AI_ONLY,TRIFECTA,50_100,811410,0.042685862798443,0.016637704736199948,0.02604815806224305,46.49089855929801
2025,AI_ONLY,TRIFECTA,100_PLUS,2523447,0.033295652260903266,0.005944250067467238,0.02735140219343603,42.4215685924848
2025,DIVERGENCE_CORR,WIN,NEG,42058,7.675795783011782,7.82966379761282,-0.15386801460103913,71.3445717818251
2025,DIVERGENCE_CORR,WIN,0_10,2829,4.516263004049053,3.5348179568752207,0.9814450471738317,80.04595263343938
2025,DIVERGENCE_CORR,WIN,10_20,1155,3.473215441655432,2.683982683982684,0.789232757672748,76.53679653679653
2025,DIVERGENCE_CORR,WIN,20_50,1038,3.5739579942427553,2.9865125240847785,0.5874454701579769,73.01541425818883
2025,DIVERGENCE_CORR,WIN,50_100,232,4.523187677708442,1.7241379310344827,2.7990497466739597,37.974137931034484
2025,DIVERGENCE_CORR,WIN,100_PLUS,403,2.7894817500588793,0.49627791563275436,2.293203834426125,48.4863523573201
2025,DIVERGENCE_CORR,QUINELLA,NEG,291131,1.0387669369774553,1.0974441059179545,-0.058677168940499264,62.04207040816677
2025,DIVERGENCE_CORR,QUINELLA,0_10,9544,2.00033218081828,1.5611902766135792,0.4391419042047011,97.89815590947192
2025,DIVERGENCE_CORR,QUINELLA,10_20,5856,1.8660846598771197,0.9562841530054644,0.9098005068716551,36.38148907103825
2025,DIVERGENCE_CORR,QUINELLA,20_50,10286,1.0795139160925948,0.5735951779117247,0.5059187381808702,45.66109274742368
2025,DIVERGENCE_CORR,QUINELLA,50_100,2733,0.5369483110215233,0.2561287961946579,0.28081951482686535,60.75375045737285
2025,DIVERGENCE_CORR,QUINELLA,100_PLUS,841,0.5855183042705914,0.0,0.5855183042705914,0.0
2025,DIVERGENCE_CORR,EXACTA,NEG,580184,0.5317514073100729,0.5562028597824139,-0.024451452472341016,62.65221033327358
2025,DIVERGENCE_CORR,EXACTA,0_10,15310,1.0103354662890254,0.7968647942521228,0.2134706720369026,77.68125408229915
2025,DIVERGENCE_CORR,EXACTA,10_20,11487,0.7022547662632166,0.47009663097414467,0.23215813528907198,42.416644902933754
2025,DIVERGENCE_CORR,EXACTA,20_50,23573,0.48890688599229576,0.26301276884571334,0.22589411714658247,56.21388877105163
2025,DIVERGENCE_CORR,EXACTA,50_100,8722,0.20346710777912244,0.08025682182985554,0.1232102859492669,15.891997248337537
2025,DIVERGENCE_CORR,EXACTA,100_PLUS,1500,0.10110858314821382,0.0,0.10110858314821382,0.0
2025,DIVERGENCE_CORR,TRIO,NEG,1261969,0.22918085416807318,0.24445925375345987,-0.015278399585386685,50.06752146843544
2025,DIVERGENCE_CORR,TRIO,0_10,29136,0.7091264139758483,0.5422844590884129,0.16684195488743533,41.927512355848435
2025,DIVERGENCE_CORR,TRIO,10_20,21219,0.7170665898523192,0.447711956265611,0.2693546335867082,78.76431500070692
2025,DIVERGENCE_CORR,TRIO,20_50,46588,0.3848961192506761,0.24899115652099252,0.13590496272968358,69.17360693740878
2025,DIVERGENCE_CORR,TRIO,50_100,21311,0.1116075598109878,0.05161653606118906,0.059991023749798734,27.814274318427103
2025,DIVERGENCE_CORR,TRIO,100_PLUS,881,0.10705376611199252,0.11350737797956867,-0.0064536118675761625,40.340522133938705
2025,DIVERGENCE_CORR,TRIFECTA,NEG,7478952,0.03858445662208098,0.04177055822794424,-0.0031861016058632586,53.955548852299096
2025,DIVERGENCE_CORR,TRIFECTA,0_10,251658,0.07870246486574221,0.054836325489354604,0.023866139376387607,53.10504732613308
2025,DIVERGENCE_CORR,TRIFECTA,10_20,134774,0.1061698652159877,0.06529449300310149,0.040875372212886216,52.21763841690534
2025,DIVERGENCE_CORR,TRIFECTA,20_50,253714,0.07158358608688349,0.04296176009207218,0.02862182599481131,73.11906319714323
2025,DIVERGENCE_CORR,TRIFECTA,50_100,116721,0.03802352967661626,0.020561852622921324,0.01746167705369494,46.952990464440845
2025,DIVERGENCE_CORR,TRIFECTA,100_PLUS,11894,0.017971775000195495,0.0,0.017971775000195495,0.0
