year,template,bet_type,source_danger_races,evaluated_races,race_coverage_pct,tickets,avg_tickets_per_race,hit_races,hit_rate_pct,profitable_races,profitable_race_pct,stake_yen,return_yen,profit_yen,roi_pct,max_drawdown_yen,largest_race_return_yen,top1_return_share_pct,top5_return_share_pct,roi_without_top1_race_pct
2023,QUINELLA_KING_K2,QUINELLA,346,346,100.0,2752,7.953757225433526,26,7.514450867052023,25,7.22543352601156,275200.0,294780.0,19580.0,107.11482558139535,81810.0,57520.0,19.51285704593256,66.29689938259041,86.52808169219547
2023,EXACTA_KING_TO_K2,EXACTA,346,346,100.0,2752,7.953757225433526,12,3.468208092485549,12,3.468208092485549,275200.0,267550.0,-7650.0,97.22020348837209,125520.0,78850.0,29.47112689216969,85.75219585124276,68.81838074398249
2023,EXACTA_K2_TO_KING,EXACTA,346,346,100.0,2752,7.953757225433526,14,4.046242774566474,14,4.046242774566474,275200.0,323380.0,48180.0,117.50726744186046,88020.0,156620.0,48.43218504545736,80.1224565526625,60.77259475218659
2023,TRIO_KING_KING_K2,TRIO,346,346,100.0,1376,3.976878612716763,12,3.468208092485549,12,3.468208092485549,137600.0,179600.0,42000.0,130.52325581395348,47400.0,68900.0,38.363028953229396,80.73496659242761,80.74398249452955
2023,TRIFECTA_KING_KING_K2,TRIFECTA,346,346,100.0,2752,7.953757225433526,6,1.7341040462427746,6,1.7341040462427746,275200.0,213260.0,-61940.0,77.49273255813954,158940.0,94360.0,44.24645972052893,98.28847416299352,43.2993445010925
2023,TRIFECTA_KING_K2_KING,TRIFECTA,346,346,100.0,2752,7.953757225433526,3,0.8670520231213873,3,0.8670520231213873,275200.0,714580.0,439380.0,259.65843023255815,140800.0,471790.0,66.02339835987573,100.0,88.54485776805252
2023,TRIFECTA_K2_KING_KING,TRIFECTA,346,346,100.0,2752,7.953757225433526,3,0.8670520231213873,3,0.8670520231213873,275200.0,406980.0,131780.0,147.88517441860466,127600.0,249150.0,61.21922453191803,100.0,57.560175054704594
2024,QUINELLA_KING_K2,QUINELLA,342,342,100.0,2870,8.391812865497077,33,9.649122807017545,30,8.771929824561404,287000.0,234050.0,-52950.0,81.55052264808363,116240.0,45970.0,19.641102328562273,55.15915402691733,65.85434173669468
2024,EXACTA_KING_TO_K2,EXACTA,342,342,100.0,2870,8.391812865497077,21,6.140350877192983,20,5.847953216374269,287000.0,221620.0,-65380.0,77.21951219512195,143690.0,40310.0,18.188791625304574,67.65183647685227,63.39510489510489
2024,EXACTA_K2_TO_KING,EXACTA,342,342,100.0,2870,8.391812865497077,12,3.508771929824561,12,3.508771929824561,287000.0,247520.0,-39480.0,86.2439024390244,132570.0,124910.0,50.46460892049127,76.14738202973497,42.930672268907564
2024,TRIO_KING_KING_K2,TRIO,342,342,100.0,1435,4.195906432748538,12,3.508771929824561,12,3.508771929824561,143500.0,161650.0,18150.0,112.64808362369338,63600.0,50030.0,30.949582431178474,79.40612434271574,78.00139762403913
2024,TRIFECTA_KING_KING_K2,TRIFECTA,342,342,100.0,2870,8.391812865497077,9,2.6315789473684212,9,2.6315789473684212,287000.0,491280.0,204280.0,171.17770034843207,107200.0,216260.0,44.0197036313304,87.03183520599251,96.09364081062195
2024,TRIFECTA_KING_K2_KING,TRIFECTA,342,342,100.0,2870,8.391812865497077,1,0.29239766081871343,1,0.29239766081871343,287000.0,39550.0,-247450.0,13.78048780487805,247450.0,39550.0,100.0,100.0,0.0
2024,TRIFECTA_K2_KING_KING,TRIFECTA,342,342,100.0,2870,8.391812865497077,2,0.5847953216374269,2,0.5847953216374269,287000.0,415250.0,128250.0,144.68641114982577,221800.0,377610.0,90.93558097531607,100.0,13.179271708683473
2025,QUINELLA_KING_K2,QUINELLA,346,346,100.0,2904,8.393063583815028,27,7.803468208092486,26,7.514450867052023,290400.0,208520.0,-81880.0,71.80440771349862,116600.0,24200.0,11.605601381162478,45.281028198733935,63.646408839779006
2025,EXACTA_KING_TO_K2,EXACTA,346,346,100.0,2904,8.393063583815028,17,4.913294797687861,17,4.913294797687861,290400.0,177630.0,-112770.0,61.167355371900825,127810.0,28910.0,16.27540392951641,61.78573439171311,51.31815044858523
2025,EXACTA_K2_TO_KING,EXACTA,346,346,100.0,2904,8.393063583815028,10,2.8901734104046244,10,2.8901734104046244,290400.0,202120.0,-88280.0,69.60055096418733,157080.0,69480.0,34.375618444488424,81.14981199287551,45.80110497237569
2025,TRIO_KING_KING_K2,TRIO,346,346,100.0,1452,4.196531791907514,9,2.601156069364162,9,2.601156069364162,145200.0,108290.0,-36910.0,74.57988980716253,47680.0,18830.0,17.388493859082093,74.32819281558777,61.82446440912232
2025,TRIFECTA_KING_KING_K2,TRIFECTA,346,346,100.0,2904,8.393063583815028,6,1.7341040462427746,6,1.7341040462427746,290400.0,238210.0,-52190.0,82.02823691460055,145000.0,86260.0,36.21174593845766,97.1957516477058,52.50518313752592
2025,TRIFECTA_KING_K2_KING,TRIFECTA,346,346,100.0,2904,8.393063583815028,1,0.28901734104046245,1,0.28901734104046245,290400.0,78980.0,-211420.0,27.196969696969695,211420.0,78980.0,100.0,100.0,0.0
2025,TRIFECTA_K2_KING_KING,TRIFECTA,346,346,100.0,2904,8.393063583815028,2,0.5780346820809249,2,0.5780346820809249,290400.0,251450.0,-38950.0,86.5874655647383,135400.0,180600.0,71.82342413998806,100.0,24.515570934256054
