test_year,model,horses,log_loss,brier
2023,MARKET_ONLY,47493,0.4085498886752663,0.13162862015619547
2023,RANK_CROSS_UP_MODEL,47493,0.40899750240743066,0.13181767544910236
2023,GAP_ONLY_DOWN_MODEL,47493,0.40900106696713595,0.13182444700883525
2024,MARKET_ONLY,46994,0.40580242062177235,0.1301666692109209
2024,RANK_CROSS_UP_MODEL,46994,0.4064580280040603,0.13037738868032475
2024,GAP_ONLY_DOWN_MODEL,46994,0.406085804925358,0.1303137570410985
2025,MARKET_ONLY,47715,0.403801043796955,0.1297269086275611
2025,RANK_CROSS_UP_MODEL,47715,0.40419769816122775,0.12983921190248507
2025,GAP_ONLY_DOWN_MODEL,47715,0.40405977032767304,0.12978904360979443
