years,source,strategy,bet_type,label,races,active_races,coverage_pct,tickets,avg_points,hit_races,hit_rate_pct,stake_yen,return_yen,profit_yen,roi_pct,max_drawdown_yen,avg_mates
2024|2025,KING,Q_AXIS1_5,QUINELLA,馬連 1位軸→紐5頭,6909,6909,100.0,34522,4.996671008829064,2571,37.21233174120712,3452200.0,2582610.0,-869590.0,74.81055558774115,873290.0,
2024|2025,KING,Q_TOP2_6,QUINELLA,馬連 1・2位軸→紐6頭,6909,6909,100.0,82298,11.911709364596902,3308,47.87957736286004,8229800.0,6176670.0,-2053130.0,75.0524921626285,2057350.0,
2024|2025,KING,T_AXIS1_7,TRIO,三連複 1位軸＋紐7頭から2頭,6909,6909,100.0,143375,20.751917788391953,3009,43.55188884064264,14337500.0,10176610.0,-4160890.0,70.9789712292938,4160890.0,
2024|2025,KING,T_AXIS12_6,TRIO,三連複 1・2位固定＋紐6頭,6909,6909,100.0,41149,5.955854682298451,1525,22.072658850774353,4114900.0,2851370.0,-1263530.0,69.29378599722958,1263530.0,
2024|2025,OUTSIDER,Q_AXIS1_5,QUINELLA,馬連 1位軸→紐5頭,6909,6909,100.0,34522,4.996671008829064,1586,22.955565204805325,3452200.0,2469780.0,-982420.0,71.5422049707433,986680.0,
2024|2025,OUTSIDER,Q_TOP2_6,QUINELLA,馬連 1・2位軸→紐6頭,6909,6909,100.0,82298,11.911709364596902,2364,34.21623968736431,8229800.0,5479340.0,-2750460.0,66.57926073537631,2751290.0,
2024|2025,OUTSIDER,T_AXIS1_7,TRIO,三連複 1位軸＋紐7頭から2頭,6909,6909,100.0,143375,20.751917788391953,1753,25.37270227239832,14337500.0,9521990.0,-4815510.0,66.41318221447254,4831170.0,
2024|2025,OUTSIDER,T_AXIS12_6,TRIO,三連複 1・2位固定＋紐6頭,6909,6909,100.0,41149,5.955854682298451,791,11.448834853090172,4114900.0,3274590.0,-840310.0,79.57884760261489,901530.0,
2024|2025,REVERSE_HYBRID,Q_AXIS1_5,QUINELLA,馬連 1位軸→紐5頭,6909,6909,100.0,34522,4.996671008829064,1942,28.108264582428717,3452200.0,2562050.0,-890150.0,74.21499333758183,890230.0,4.996671008829064
2024|2025,REVERSE_HYBRID,Q_TOP2_6,QUINELLA,馬連 1・2位軸→紐6頭,6909,6909,100.0,82298,11.911709364596902,2851,41.26501664495586,8229800.0,5470740.0,-2759060.0,66.47476244866218,2759890.0,5.955854682298451
2024|2025,REVERSE_HYBRID,T_AXIS1_7,TRIO,三連複 1位軸＋紐7頭から2頭,6909,6909,100.0,143375,20.751917788391953,2372,34.332030684614274,14337500.0,9948460.0,-4389040.0,69.38768962510898,4410230.0,6.955854682298451
2024|2025,REVERSE_HYBRID,T_AXIS12_6,TRIO,三連複 1・2位固定＋紐6頭,6909,6909,100.0,41149,5.955854682298451,957,13.851498046026922,4114900.0,2710820.0,-1404080.0,65.8781501373059,1427560.0,5.955854682298451
