period,limit,full15_hit_races,retained_full15_hits,full15_hit_retention_pct,stake_retention_pct,stake_reduction_pct,return_retention_pct,return_minus_stake_retention_pp
2023,10,2162,1870,86.49398704902868,66.73102915620777,33.26897084379223,67.66149867505924,0.9304695188514671
2023,8,2162,1676,77.52081406105458,53.38482332496621,46.61517667503379,53.932612926015004,0.547789601048791
2023,6,2162,1410,65.21739130434783,40.03861749372466,59.96138250627534,39.058845733027624,-0.9797717606970338
2024,10,2222,1941,87.35373537353735,66.7246208828359,33.27537911716411,73.80990257067185,7.085281687835959
2024,8,2222,1746,78.57785778577858,53.37969670626872,46.62030329373129,58.22539637354142,4.845699667272704
2024,6,2222,1505,67.73177317731773,40.034772529701534,59.965227470298466,43.96739145602563,3.9326189263240963
2025,10,2188,1916,87.56855575868373,66.75683508839725,33.24316491160274,67.36658621614374,0.6097511277464918
2025,8,2188,1700,77.6965265082267,53.4054680707178,46.59453192928219,54.28023598820059,0.8747679174827852
2025,6,2188,1478,67.55027422303473,40.05410105303835,59.94589894696165,41.591043175113974,1.5369421220756223
2024|2025,10,4410,3857,87.46031746031746,66.74072642967542,33.259273570324574,70.52396640641346,3.783239976738045
2024|2025,8,4410,3446,78.140589569161,53.39258114374034,46.60741885625966,56.213459589639655,2.820878445899318
2024|2025,6,4410,2983,67.64172335600907,40.044435857805254,59.95556414219474,42.75551106315414,2.711075205348884
