year,ranking,top_k,hit_races,source_races,coverage_pct
2022,MARKET,1,539,3456,15.596064814814815
2022,MARKET,3,1190,3456,34.432870370370374
2022,MARKET,5,1606,3456,46.469907407407405
2022,MARKET,10,2223,3456,64.32291666666667
2022,MARKET,15,2589,3456,74.91319444444444
2022,L17_PRODUCT,1,424,3456,12.268518518518519
2022,L17_PRODUCT,3,966,3456,27.95138888888889
2022,L17_PRODUCT,5,1336,3456,38.657407407407405
2022,L17_PRODUCT,10,1924,3456,55.6712962962963
2022,L17_PRODUCT,15,2337,3456,67.62152777777777
2022,MARKET_AWARE_MODEL,1,516,3456,14.930555555555555
2022,MARKET_AWARE_MODEL,3,1151,3456,33.304398148148145
2022,MARKET_AWARE_MODEL,5,1539,3456,44.53125
2022,MARKET_AWARE_MODEL,10,2167,3456,62.7025462962963
2022,MARKET_AWARE_MODEL,15,2561,3456,74.10300925925925
