period,rank_pair,races,hit_races,hit_rate_pct,stake_yen,return_yen,roi_pct
2023,1-2,3456,408,11.805555555555555,345600.0,247560.0,71.63194444444444
2023,1-3,3456,312,9.027777777777779,345600.0,251550.0,72.78645833333333
2023,1-4,3456,213,6.163194444444445,345600.0,258830.0,74.89293981481481
2023,1-5,3456,147,4.253472222222222,345600.0,262760.0,76.0300925925926
2023,1-6,3446,144,4.178757980266976,344600.0,287200.0,83.34300638421358
2023,2-3,3456,197,5.700231481481482,345600.0,265200.0,76.73611111111111
2023,2-4,3456,133,3.8483796296296298,345600.0,245570.0,71.05613425925925
2023,2-5,3456,122,3.5300925925925926,345600.0,295990.0,85.64525462962963
2023,2-6,3446,82,2.379570516540917,344600.0,281900.0,81.80499129425421
2023,3-4,3456,111,3.2118055555555554,345600.0,254900.0,73.75578703703704
2023,3-5,3456,75,2.170138888888889,345600.0,222210.0,64.296875
2023,3-6,3446,70,2.0313406848520024,344600.0,314800.0,91.35229251305861
2023,4-5,3456,60,1.7361111111111112,345600.0,239550.0,69.31423611111111
2023,4-6,3446,49,1.4219384793964016,344600.0,237050.0,68.78990133488102
2023,5-6,3446,40,1.1607661056297156,344600.0,255860.0,74.24840394660475
2024,1-2,3454,441,12.76780544296468,345400.0,257010.0,74.4093804284887
2024,1-3,3454,298,8.627678054429646,345400.0,252530.0,73.11233352634626
2024,1-4,3454,225,6.514186450492183,345400.0,260980.0,75.55877243775333
2024,1-5,3454,199,5.761436016213087,345400.0,296690.0,85.89751013317893
2024,1-6,3445,142,4.121915820029027,344500.0,262330.0,76.14804063860667
2024,2-3,3454,208,6.022003474232774,345400.0,289650.0,83.85929357266937
2024,2-4,3454,135,3.90851187029531,345400.0,218540.0,63.271569195136074
2024,2-5,3454,99,2.8662420382165603,345400.0,248550.0,71.96004632310365
2024,2-6,3445,85,2.467343976777939,344500.0,293990.0,85.33817126269956
2024,3-4,3454,109,3.155761436016213,345400.0,261850.0,75.81065431383902
2024,3-5,3454,81,2.3451071221771858,345400.0,191710.0,55.503763752171395
2024,3-6,3445,58,1.683599419448476,344500.0,200630.0,58.238026124818575
2024,4-5,3454,68,1.9687319050376375,345400.0,206380.0,59.7510133178923
2024,4-6,3445,42,1.2191582002902757,344500.0,178790.0,51.898403483309146
2024,5-6,3445,33,0.9579100145137881,344500.0,163480.0,47.45428156748911
2025,1-2,3455,438,12.677279305354558,345500.0,241620.0,69.93342981186686
2025,1-3,3455,298,8.625180897250361,345500.0,273400.0,79.13169319826339
2025,1-4,3455,241,6.975397973950796,345500.0,271670.0,78.63096960926194
2025,1-5,3455,169,4.891461649782923,345500.0,239040.0,69.18668596237337
2025,1-6,3441,122,3.5454809648358037,344100.0,227340.0,66.06800348735833
2025,2-3,3455,193,5.586107091172214,345500.0,268440.0,77.69609261939219
2025,2-4,3455,142,4.109985528219971,345500.0,256760.0,74.31548480463097
2025,2-5,3455,100,2.894356005788712,345500.0,245840.0,71.1548480463097
2025,2-6,3441,94,2.731764022086603,344100.0,256390.0,74.51031676838129
2025,3-4,3455,122,3.5311143270622285,345500.0,231600.0,67.03328509406657
2025,3-5,3455,73,2.1128798842257597,345500.0,251800.0,72.87988422575977
2025,3-6,3441,57,1.6564952048823016,344100.0,236100.0,68.61377506538797
2025,4-5,3455,63,1.8234442836468885,345500.0,275030.0,79.60347322720695
2025,4-6,3441,47,1.3658820110433014,344100.0,241150.0,70.08137169427492
2025,5-6,3441,35,1.017146178436501,344100.0,212820.0,61.84829991281604
2024|2025,1-2,6909,879,12.722535822839774,690900.0,498630.0,72.17108119843682
2024|2025,1-3,6909,596,8.626429295122303,690900.0,525930.0,76.12244897959184
2024|2025,1-4,6909,466,6.744825589810392,690900.0,532650.0,77.09509335649153
2024|2025,1-5,6909,368,5.326385873498335,690900.0,535730.0,77.54088869590389
2024|2025,1-6,6886,264,3.8338658146964857,688600.0,489670.0,71.11094975312227
2024|2025,2-3,6909,401,5.804023737154436,690900.0,558090.0,80.77724706904038
2024|2025,2-4,6909,277,4.009263279779997,690900.0,475300.0,68.79432624113475
2024|2025,2-5,6909,199,2.8803010565928497,690900.0,494390.0,71.55738891301202
2024|2025,2-6,6886,179,2.5994772001161777,688600.0,550380.0,79.92738890502469
2024|2025,3-4,6909,231,3.3434650455927053,690900.0,493450.0,71.4213344912433
2024|2025,3-5,6909,154,2.2289766970618032,690900.0,443510.0,64.19308148791431
2024|2025,3-6,6886,115,1.6700551844321812,688600.0,436730.0,63.42288701713622
2024|2025,4-5,6909,131,1.8960775799681575,690900.0,481410.0,69.67867998263135
2024|2025,4-6,6886,89,1.2924774905605576,688600.0,419940.0,60.98460644786523
2024|2025,5-6,6886,68,0.9875108916642463,688600.0,376300.0,54.647110078419985
