year,k,challenge_races,oracle_capture_count,oracle_capture_pct,oracle_gain_vs_top12_pp
2023,1,2365,2352,99.45031712473573,11.923890063424947
2023,2,2365,2365,100.0,12.473572938689218
2023,3,2365,2365,100.0,12.473572938689218
2024,1,2285,2270,99.34354485776805,12.385120350109409
2024,2,2285,2285,100.0,13.041575492341357
2024,3,2285,2285,100.0,13.041575492341357
2025,1,2407,2397,99.58454507685916,12.089738263398422
2025,2,2407,2407,100.0,12.50519318653926
2025,3,2407,2407,100.0,12.50519318653926
POOLED,1,7057,7019,99.46152756128667,12.129800198384583
POOLED,2,7057,7057,100.0,12.668272637097918
POOLED,3,7057,7057,100.0,12.668272637097918
