test_year,feature,gain,gain_share
2023,mean_rank_pct_q50,9159.88079738617,0.03452488917613461
2023,r3_mean_probability,8807.654891967773,0.03319729980914155
2023,r3_probability_std,8773.869497537613,0.033069957868315625
2023,r2_probability_std,8626.200378894806,0.032513372027445815
2023,mean_rank_pct_q75,8517.809739470482,0.03210483234263649
2023,probability_std_max,8512.390723466873,0.032084407303151076
2023,probability_std_q50,8495.483588695526,0.03202068191554196
2023,rank_std_pct_q75,8275.839575529099,0.03119281249447523
2023,probability_std_q75,8064.332271099091,0.030395611482047998
2023,probability_std_q90,7930.200680732727,0.029890050504252433
2023,r2_mean_probability,7871.2813329696655,0.029667975130473517
2023,r1_probability_std,7798.919803857803,0.029395234269706468
2023,mean_rank_pct_q90,7544.303317785263,0.028435548640764686
2023,rank_std_pct_mean,6802.346156597137,0.025639006924766682
2023,rank_std_pct_q50,6715.62134885788,0.025312128830799144
2023,r2_rank_std_pct,6264.415279626846,0.023611469195550835
2023,race_entropy,6167.278086900711,0.023245345346569347
2023,probability_std_mean,6049.157997846603,0.022800133986915855
2023,race_top1_top2_gap,5889.874720096588,0.022199772734016146
2023,top1_top2_ratio,5558.46476316452,0.02095064162761439
2023,rank_std_pct_q90,5425.631316661835,0.020449973538058257
2023,r1_mean_probability,5360.895765781403,0.020205976070259254
2023,race_rank_std_mean,5216.893455028534,0.01966321094811173
2023,rank_std_pct_max,5209.802914619446,0.019636485696196603
2023,r3_rank_std_pct,5049.887562036514,0.019033742063652423
2023,race_rank_std_max,5027.736603736877,0.018950251961831626
2023,top6_mass,4636.9611892700195,0.017477364030683416
2023,mean_rank_pct_max,4619.067853212357,0.017409921510628087
2023,r3_mean_rank_pct,4602.734081268311,0.017348357208791607
2023,rank_range_pct_q90,4543.840599060059,0.01712637932595532
2024,r3_probability_std,11442.749719262123,0.03973144273772337
2024,top1_top2_ratio,10951.67131638527,0.038026323433157073
2024,r3_mean_probability,10715.87877702713,0.03720760607890785
2024,r2_probability_std,9917.463240861893,0.03443535273645658
2024,mean_rank_pct_q90,9102.658029794693,0.03160619126913729
2024,mean_rank_pct_q75,8817.086473464966,0.030614631529021885
2024,probability_std_q75,8604.150975465775,0.029875278248285356
2024,mean_rank_pct_q50,8176.848406791687,0.02839160098928022
2024,probability_std_q50,7569.674179196358,0.02628337450112097
2024,rank_std_pct_q75,7544.85347533226,0.026197192211157364
2024,probability_std_q90,7327.627354860306,0.025442941058382365
2024,probability_std_max,7303.979830503464,0.02536083227483612
2024,r2_mean_probability,7115.115235447884,0.024705057830079848
2024,probability_std_mean,7066.872430205345,0.024537549468800695
2024,rank_std_pct_q50,6846.768568396568,0.023773306240873912
2024,r1_probability_std,6388.949523925781,0.02218366986885657
2024,race_rank_std_mean,6350.510317802429,0.022050201502035384
2024,r2_rank_std_pct,6213.810138463974,0.021575552009485563
2024,race_entropy,6211.225980043411,0.02156657931106685
2024,r3_mean_rank_pct,6172.279662847519,0.021431350156407545
2024,r3_rank_std_pct,6072.437716245651,0.02108467958494889
2024,rank_std_pct_mean,6050.710040807724,0.02100923688859832
2024,race_top1_top2_gap,5904.97970032692,0.020503232928010484
2024,rank_std_pct_max,5832.8087911605835,0.0202526415565987
2024,r1_mean_probability,5689.529543638229,0.019755148265379042
2024,race_rank_std_max,5168.130874633789,0.01794475112576469
2024,top6_mass,5047.903627872467,0.017527298844852646
2024,mean_rank_pct_max,4753.521862030029,0.016505148351347584
2024,rank_std_pct_q90,4698.681022882462,0.016314730338742412
2024,rank_range_pct_mean,4694.161196470261,0.0162990366262444
2025,r3_mean_probability,10450.208811283112,0.034982574757798986
2025,top1_top2_ratio,10381.113231420517,0.03475127399322796
2025,probability_std_q75,10085.153120040894,0.03376053333831534
2025,r3_probability_std,9806.051785707474,0.03282622824741817
2025,r2_probability_std,9435.935685396194,0.03158724686608684
2025,probability_std_q90,9136.954885005951,0.030586394309963225
2025,mean_rank_pct_q75,8709.955446839333,0.029156993229376794
2025,mean_rank_pct_q50,8565.981253147125,0.028675032716913785
2025,r2_mean_probability,8281.770238041878,0.027723622724782872
2025,probability_std_q50,8272.960116147995,0.027694130419572156
2025,probability_std_max,8259.382960796356,0.02764868024143082
2025,r1_probability_std,7788.0353372097015,0.02607082148503661
2025,race_entropy,7708.050345659256,0.02580306789303237
2025,rank_std_pct_max,7396.371598005295,0.024759708349972376
2025,mean_rank_pct_q90,7319.580319643021,0.02450264586590462
2025,probability_std_mean,7298.04778110981,0.02443056466135013
2025,rank_std_pct_q50,6997.457616448402,0.023424324681209897
2025,rank_std_pct_q75,6527.888016939163,0.021852417945615706
2025,r3_mean_rank_pct,6483.671435236931,0.021704400819559568
2025,r2_rank_std_pct,6437.038206338882,0.021548293851212468
2025,race_rank_std_mean,6301.837659358978,0.02109570354154199
2025,rank_std_pct_mean,6271.493893623352,0.020994126331703503
2025,rank_std_pct_q90,6211.486174106598,0.02079324761512003
2025,r3_rank_std_pct,5983.532096385956,0.020030160416652044
2025,race_top1_top2_gap,5843.090850830078,0.019560026617370222
2025,mean_rank_pct_max,5554.075921297073,0.01859253529149432
2025,race_rank_std_max,5469.485020160675,0.018309363196441195
2025,r1_mean_probability,5002.502882003784,0.01674611811171217
2025,top6_mass,4990.268251419067,0.01670516209956036
2025,tail11_mass,4680.306214570999,0.015667549328185905
