test_year,axis,bucket,horses,collapse_n,collapse_rate_pct,high_n,high_collapse_n,high_collapse_rate_pct,low_collapse_rate_pct,high_minus_low_pp,mean_vote_delta_pp,mean_abs_vote_delta_pp
2024,KING,R1,3454,1387,40.15634047481181,804,413,51.3681592039801,36.75471698113208,14.613442222848027,0.3532223115039179,1.2792513304451787
2024,KING,R2_3,6908,3928,56.86160972785177,1759,1092,62.080727686185334,55.07865604971839,7.002071636466944,0.09958972616517195,1.693625181201372
2024,KING,R4_6,10353,7507,72.51038346373032,2434,1799,73.91125718981101,72.0798080565728,1.8314491332382055,-0.2623023923174211,1.9499332267440408
2024,KING,R7_10,13070,11297,86.4345830145371,2486,2107,84.75462590506838,86.8291761148904,-2.0745502098220236,-0.154986911961899,1.5570229866860055
2024,MARKET,R1,3530,1189,33.682719546742206,724,312,43.0939226519337,31.25445473984319,11.839467912090512,0.30974398562426336,1.1209559316707014
2024,MARKET,R2_3,6890,3645,52.90275761973875,1699,987,58.09299587992937,51.204006935079946,6.888988944849417,0.03751966559648785,1.6680815746238438
2024,MARKET,R4_6,10322,7535,72.99941871730285,2527,1885,74.5943806885635,72.48236048749199,2.1120202010715294,-0.28819119006143057,2.093627106812228
2024,MARKET,R7_10,13050,11533,88.37547892720306,2790,2422,86.81003584229391,88.80116959064327,-1.9911337483493607,-0.09541876689580422,1.6420274608656544
2025,KING,R1,3455,1389,40.20260492040521,834,415,49.76019184652279,37.16138878290729,12.598803063615494,0.37242877934101953,1.3598264163272755
2025,KING,R2_3,6910,3886,56.237337192474676,1841,1114,60.51059206952743,54.68534227658315,5.8252497929442875,0.11137867890004854,1.7871396741158403
2025,KING,R4_6,10351,7569,73.12336972273211,2534,1913,75.4932912391476,72.35512344889344,3.138167790254165,-0.20192066757727142,1.9932764941180334
2025,KING,R7_10,13069,11325,86.65544418088606,2529,2157,85.29062870699882,86.98292220113852,-1.6922934941397072,-0.12158510071656511,1.5684063003104982
2025,MARKET,R1,3521,1234,35.04686168702073,772,341,44.17098445595855,32.48453983266643,11.686444623292125,0.3326347133528877,1.197859765768878
2025,MARKET,R2_3,6903,3674,53.22323627408373,1819,1068,58.71357888949973,51.2588512981904,7.454727591309329,0.09993330648271788,1.754281605560264
2025,MARKET,R4_6,10326,7546,73.07766802246756,2666,2001,75.05626406601651,72.38903394255874,2.6672301234577644,-0.20403347507459524,2.125258536570929
2025,MARKET,R7_10,13041,11468,87.93804156122997,2850,2478,86.94736842105263,88.21509174762045,-1.2677233265678156,-0.05541908946753556,1.674624060251339
