model,target_train_top_fraction,roi_2023,roi_2024,roi_2025,min_year_roi_pct,combined_roi_pct,combined_profit_yen,selected_races,min_selected_races,min_roi_without_top1_pct,max_top1_return_share_pct,all_years_roi_100plus,all_years_roi_wo_top1_100plus
MARKET_PROFIT_EVENT,0.1,198.0281690140845,331.9805194805195,126.40776699029126,126.40776699029126,209.73107569721117,110170.0,125,40,0.0,100.0,1,0
MARKET_PROFIT_VALUE,0.1,198.0281690140845,321.54088050314465,126.40776699029126,126.40776699029126,207.66272189349112,109170.0,126,41,0.0,100.0,1,0
MARKET_PROFIT_VALUE,0.2,107.32974910394265,180.01760563380282,192.890625,107.32974910394265,163.82259767687435,120880.0,228,72,6.541218637992832,93.90549340457505,1,0
MARKET_PROFIT_EVENT,0.2,107.32974910394265,176.9031141868512,194.40944881889763,107.32974910394265,163.47734457323497,120480.0,228,73,6.541218637992832,93.90549340457505,1,0
MARKET_PROFIT_VALUE,0.15,136.11363636363637,222.2826086956522,101.77631578947368,101.77631578947368,148.55437665782495,73220.0,183,58,8.295454545454545,93.90549340457505,1,0
MARKET_PROFIT_EVENT,0.15,136.11363636363637,216.63135593220338,101.77631578947368,101.77631578947368,147.3815789473684,72020.0,184,59,8.295454545454545,93.90549340457505,1,0
MARKET_PROFIT_VALUE,0.3,71.98317307692308,267.8192771084337,202.92433537832312,71.98317307692308,182.06060606060606,216640.0,320,103,4.387019230769231,93.90549340457505,0,0
MARKET_PROFIT_EVENT,0.3,71.98317307692308,264.00237529691213,202.92433537832312,71.98317307692308,181.236802413273,215440.0,321,104,4.387019230769231,93.90549340457505,0,0
STRUCT_PROFIT_VALUE,0.3,71.63875598086125,287.3123486682809,144.66796875,71.63875598086125,165.80416976917348,176750.0,322,103,4.366028708133971,93.90549340457505,0,0
STRUCT_PROFIT_EVENT,0.3,68.08716707021792,289.4146341463415,92.36538461538461,68.08716707021792,145.05584512285927,121020.0,322,102,0.0,100.0,0,0
MARKET_PROFIT_VALUE,0.4,64.81949458483754,199.90107913669064,195.87986463620982,64.81949458483754,154.50911228689006,185440.0,414,131,14.061371841155236,78.3068783068783,0,0
MARKET_PROFIT_EVENT,0.4,64.70270270270271,197.41563055062167,190.7166392092257,64.70270270270271,152.35942028985508,180640.0,420,135,14.036036036036036,78.3068783068783,0,0
MARKET_PROFIT_EVENT,0.5,62.65277777777778,174.58702064896755,149.3741935483871,62.65277777777778,128.50667280257707,123890.0,539,170,23.59722222222222,62.33651075149634,0,0
MARKET_PROFIT_VALUE,0.5,62.56588072122053,172.8029197080292,154.14780292942743,62.56588072122053,129.4598980064905,127090.0,536,172,23.564493758668515,62.33651075149634,0,0
STRUCT_PROFIT_EVENT,0.5,59.0625,189.8778735632184,142.21744471744472,59.0625,134.0084985835694,144060.0,515,156,12.8125,78.3068783068783,0,0
STRUCT_PROFIT_VALUE,0.5,58.772504091653026,191.52898550724638,143.27351485148515,58.772504091653026,134.58036984352773,145860.0,514,157,12.749590834697218,78.3068783068783,0,0
STRUCT_PROFIT_EVENT,0.4,57.146946564885496,244.27911275415897,173.5607196401799,57.146946564885496,160.43013856812934,209330.0,418,133,3.482824427480916,93.90549340457505,0,0
STRUCT_PROFIT_VALUE,0.4,57.146946564885496,245.64126394052045,137.28030303030303,57.146946564885496,146.75087108013938,161010.0,418,133,3.482824427480916,93.90549340457505,0,0
MARKET_PROFIT_VALUE,0.05,309.010989010989,458.030303030303,0.0,0.0,238.52272727272728,85330.0,77,25,0.0,100.0,0,0
MARKET_PROFIT_EVENT,0.05,296.0,419.8611111111111,0.0,0.0,228.86292834890966,82730.0,80,26,0.0,100.0,0,0
STRUCT_PROFIT_VALUE,0.2,0.0,271.79180887372013,0.0,0.0,81.92901234567901,-35130.0,230,74,0.0,100.0,0,0
STRUCT_PROFIT_EVENT,0.2,0.0,276.5104166666667,0.0,0.0,81.76078028747433,-35530.0,229,75,0.0,100.0,0,0
STRUCT_PROFIT_EVENT,0.05,0.0,0.0,0.0,0.0,0.0,-54800.0,64,19,0.0,100.0,0,0
STRUCT_PROFIT_VALUE,0.05,0.0,0.0,0.0,0.0,0.0,-54800.0,64,19,0.0,100.0,0,0
STRUCT_PROFIT_VALUE,0.1,0.0,91.9,0.0,0.0,25.911654135338345,-78830.0,126,40,0.0,100.0,0,0
STRUCT_PROFIT_EVENT,0.1,0.0,89.51298701298701,0.0,0.0,25.340073529411764,-81230.0,128,41,0.0,100.0,0,0
STRUCT_PROFIT_VALUE,0.15,0.0,92.72511848341232,0.0,0.0,25.948275862068964,-111670.0,180,57,0.0,100.0,0,0
STRUCT_PROFIT_EVENT,0.15,0.0,97.33830845771145,0.0,0.0,25.84544253632761,-112270.0,180,54,0.0,100.0,0,0
