test_year,alpha2,alpha3,fit_logloss,selected
2023,0.5,0.5,4.753083883105309,0
2023,0.5,0.6,4.7240681441922,0
2023,0.5,0.7,4.699410334962944,0
2023,0.5,0.8,4.6788440222250065,0
2023,0.5,0.9,4.662086624794388,0
2023,0.5,1.0,4.648845679168758,0
2023,0.6,0.5,4.727387380776218,0
2023,0.6,0.6,4.700642439384887,0
2023,0.6,0.7,4.6782217610032975,0
2023,0.6,0.8,4.659831635586334,0
2023,0.6,0.9,4.645167022613485,0
2023,0.6,1.0,4.63391898407775,0
2023,0.7,0.5,4.705437702630857,0
2023,0.7,0.6,4.6809087187327085,0
2023,0.7,0.7,4.660699925625275,0
2023,0.7,0.8,4.64448953729222,0
2023,0.7,0.9,4.63194687883548,0
2023,0.7,1.0,4.622741829992759,0
2023,0.8,0.5,4.6869651441441675,0
2023,0.8,0.6,4.664562816268997,0
2023,0.8,0.7,4.646502145344814,0
2023,0.8,0.8,4.632435160269434,0
2023,0.8,0.9,4.62200506911978,0
2023,0.8,1.0,4.614857941492848,0
2023,0.9,0.5,4.671708098640739,0
2023,0.9,0.6,4.651317530565447,0
2023,0.9,0.7,4.635309778663857,0
2023,0.9,0.8,4.623314333869817,0
2023,0.9,0.9,4.614950157005157,0
2023,0.9,1.0,4.60983928650739,0
2023,1.0,0.5,4.659413159754239,0
2023,1.0,0.6,4.6409031074364915,0
2023,1.0,0.7,4.626830547118533,0
2023,1.0,0.8,4.616806776025797,0
2023,1.0,0.9,4.610429860970216,0
2023,1.0,1.0,4.607299606163405,1
2024,0.5,0.5,4.7789629076764,0
2024,0.5,0.6,4.7521240797327895,0
2024,0.5,0.7,4.7300729961834,0
2024,0.5,0.8,4.7124163490582704,0
2024,0.5,0.9,4.698757435650885,0
2024,0.5,1.0,4.688705353294656,0
2024,0.6,0.5,4.755171309435823,0
2024,0.6,0.6,4.730823702030906,0
2024,0.6,0.7,4.711232176523191,0
2024,0.6,0.8,4.695969526932657,0
2024,0.6,0.9,4.684610986722206,0
2024,0.6,1.0,4.676745029291291,0
2024,0.7,0.5,4.735464965788875,0
2024,0.7,0.6,4.713541394445586,0
2024,0.7,0.7,4.696378396345953,0
2024,0.7,0.8,4.683513902525546,0
2024,0.7,0.9,4.674490984210787,0
2024,0.7,1.0,4.668871475738808,0
2024,0.8,0.5,4.719466150918108,0
2024,0.8,0.6,4.699858177347913,0
2024,0.8,0.7,4.68504609184624,0
2024,0.8,0.8,4.674535583965511,0
2024,0.8,0.9,4.667836950104052,0
2024,0.8,1.0,4.6644819601835925,0
2024,0.9,0.5,4.706820338026694,0
2024,0.9,0.6,4.689389746710692,0
2024,0.9,0.7,4.676813510860508,0
2024,0.9,0.8,4.668570063490773,0
2024,0.9,0.9,4.664139455395631,0
2024,0.9,1.0,4.663023075855306,0
2024,1.0,0.5,4.697196456346637,0
2024,1.0,0.6,4.6817870560900205,0
2024,1.0,0.7,4.671305599404486,0
2024,1.0,0.8,4.665209142823159,0
2024,1.0,0.9,4.662952038790896,1
2024,1.0,1.0,4.664007676747387,0
2025,0.5,0.5,4.713856253186754,0
2025,0.5,0.6,4.686357210769746,0
2025,0.5,0.7,4.663618100301897,0
2025,0.5,0.8,4.645268116470183,0
2025,0.5,0.9,4.630927721198623,0
2025,0.5,1.0,4.620217896403617,0
2025,0.6,0.5,4.689551065178344,0
2025,0.6,0.6,4.664665680129149,0
2025,0.6,0.7,4.644503606810555,0
2025,0.6,0.8,4.628658517147615,0
2025,0.6,0.9,4.616721450680497,0
2025,0.6,1.0,4.608291722881229,0
2025,0.7,0.5,4.669282389397599,0
2025,0.7,0.6,4.6469400709010555,0
2025,0.7,0.7,4.629322311477261,0
2025,0.7,0.8,4.615986240644517,0
2025,0.7,0.9,4.60648936738261,0
2025,0.7,1.0,4.600403226886215,0
2025,0.8,0.5,4.652691089943745,0
2025,0.8,0.6,4.632777276250884,0
2025,0.8,0.7,4.617621789409218,0
2025,0.8,0.8,4.606747747249591,0
2025,0.8,0.9,4.599678501413475,0
2025,0.8,1.0,4.595954390354248,0
2025,0.9,0.5,4.639438398991886,0
2025,0.9,0.6,4.621806369380018,0
2025,0.9,0.7,4.608991150797726,0
2025,0.9,0.8,4.600486790761506,0
2025,0.9,0.9,4.595784975169278,0
2025,0.9,1.0,4.594394548341805,0
2025,1.0,0.5,4.62920581153566,0
2025,1.0,0.6,4.613689143490679,0
2025,1.0,0.7,4.603064160029473,0
2025,1.0,0.8,4.596801787530305,0
2025,1.0,0.9,4.594366586391947,1
2025,1.0,1.0,4.595238292279443,0
