test_year,engine,temperature,cal_logloss,selected
2023,POSITION_SPECIFIC_1_2_3,0.45,4.923944920207763,0
2023,POSITION_SPECIFIC_1_2_3,0.4969219138688368,4.847344800300998,0
2023,POSITION_SPECIFIC_1_2_3,0.5487364188512615,4.793402856415178,0
2023,POSITION_SPECIFIC_1_2_3,0.6059536699224456,4.759212102889422,0
2023,POSITION_SPECIFIC_1_2_3,0.6691370163860156,4.74206494244641,0
2023,POSITION_SPECIFIC_1_2_3,0.7389085484956047,4.739448487199093,1
2023,POSITION_SPECIFIC_1_2_3,0.8159552224277336,4.749042433908643,0
2023,POSITION_SPECIFIC_1_2_3,0.9010356239112484,4.768718606034891,0
2023,POSITION_SPECIFIC_1_2_3,0.99498743710662,4.796541151449294,0
2023,POSITION_SPECIFIC_1_2_3,1.0987356922721567,4.830766369854243,0
2023,POSITION_SPECIFIC_1_2_3,1.2133018734219585,4.869841252405745,0
2023,POSITION_SPECIFIC_1_2_3,1.339813975647744,4.912400031704731,0
2023,POSITION_SPECIFIC_1_2_3,1.4795176111268715,4.957258326156152,0
2023,POSITION_SPECIFIC_1_2_3,1.633788273164032,5.003404772379526,0
2023,POSITION_SPECIFIC_1_2_3,1.8041448790158505,5.049990326313305,0
2023,POSITION_SPECIFIC_1_2_3,1.992264724838261,5.096315639758654,0
2023,POSITION_SPECIFIC_1_2_3,2.2,5.141817062074527,0
2023,DIRECT_TRIO,0.45,5.154773010145235,0
2023,DIRECT_TRIO,0.4969219138688368,4.98107857194891,0
2023,DIRECT_TRIO,0.5487364188512615,4.848754383813391,0
2023,DIRECT_TRIO,0.6059536699224456,4.754644066132968,0
2023,DIRECT_TRIO,0.6691370163860156,4.695023720089458,0
2023,DIRECT_TRIO,0.7389085484956047,4.665563329199741,0
2023,DIRECT_TRIO,0.8159552224277336,4.661481060965655,1
2023,DIRECT_TRIO,0.9010356239112484,4.677839240019949,0
2023,DIRECT_TRIO,0.99498743710662,4.709878660352349,0
2023,DIRECT_TRIO,1.0987356922721567,4.7532935404577845,0
2023,DIRECT_TRIO,1.2133018734219585,4.804396436016382,0
2023,DIRECT_TRIO,1.339813975647744,4.860172744855158,0
2023,DIRECT_TRIO,1.4795176111268715,4.91825348831921,0
2023,DIRECT_TRIO,1.633788273164032,4.976841274315457,0
2023,DIRECT_TRIO,1.8041448790158505,5.034617688058239,0
2023,DIRECT_TRIO,1.992264724838261,5.090650270499003,0
2023,DIRECT_TRIO,2.2,5.144308633413824,0
2024,POSITION_SPECIFIC_1_2_3,0.45,4.882526844235522,0
2024,POSITION_SPECIFIC_1_2_3,0.4969219138688368,4.813287204525494,0
2024,POSITION_SPECIFIC_1_2_3,0.5487364188512615,4.765620775743373,0
2024,POSITION_SPECIFIC_1_2_3,0.6059536699224456,4.736694381893518,0
2024,POSITION_SPECIFIC_1_2_3,0.6691370163860156,4.723887732066406,1
2024,POSITION_SPECIFIC_1_2_3,0.7389085484956047,4.7247851743576765,0
2024,POSITION_SPECIFIC_1_2_3,0.8159552224277336,4.737168952165213,0
2024,POSITION_SPECIFIC_1_2_3,0.9010356239112484,4.759013903779384,0
2024,POSITION_SPECIFIC_1_2_3,0.99498743710662,4.788483301760216,0
2024,POSITION_SPECIFIC_1_2_3,1.0987356922721567,4.8239252794236664,0
2024,POSITION_SPECIFIC_1_2_3,1.2133018734219585,4.863869127653943,0
2024,POSITION_SPECIFIC_1_2_3,1.339813975647744,4.907020726439373,0
2024,POSITION_SPECIFIC_1_2_3,1.4795176111268715,4.952256509196345,0
2024,POSITION_SPECIFIC_1_2_3,1.633788273164032,4.998615602230896,0
2024,POSITION_SPECIFIC_1_2_3,1.8041448790158505,5.045290069004905,0
2024,POSITION_SPECIFIC_1_2_3,1.992264724838261,5.091613453221283,0
2024,POSITION_SPECIFIC_1_2_3,2.2,5.137048010569551,0
2024,DIRECT_TRIO,0.45,5.215411493659895,0
2024,DIRECT_TRIO,0.4969219138688368,5.023339712036027,0
2024,DIRECT_TRIO,0.5487364188512615,4.872303993824138,0
2024,DIRECT_TRIO,0.6059536699224456,4.759277258465943,0
2024,DIRECT_TRIO,0.6691370163860156,4.68101594643947,0
2024,DIRECT_TRIO,0.7389085484956047,4.6339097743611415,0
2024,DIRECT_TRIO,0.8159552224277336,4.613946781119372,1
2024,DIRECT_TRIO,0.9010356239112484,4.616818033985823,0
2024,DIRECT_TRIO,0.99498743710662,4.638130406550355,0
2024,DIRECT_TRIO,1.0987356922721567,4.67365634411152,0
2024,DIRECT_TRIO,1.2133018734219585,4.719548726147221,0
2024,DIRECT_TRIO,1.339813975647744,4.772478660103822,0
2024,DIRECT_TRIO,1.4795176111268715,4.829689742524613,0
2024,DIRECT_TRIO,1.633788273164032,4.888985830565522,0
2024,DIRECT_TRIO,1.8041448790158505,4.948677126145448,0
2024,DIRECT_TRIO,1.992264724838261,5.007506724358983,0
2024,DIRECT_TRIO,2.2,5.064573185211322,0
2025,POSITION_SPECIFIC_1_2_3,0.45,4.895551083843262,0
2025,POSITION_SPECIFIC_1_2_3,0.4969219138688368,4.821430901806592,0
2025,POSITION_SPECIFIC_1_2_3,0.5487364188512615,4.769087785790971,0
2025,POSITION_SPECIFIC_1_2_3,0.6059536699224456,4.735753763277219,0
2025,POSITION_SPECIFIC_1_2_3,0.6691370163860156,4.718864499607409,0
2025,POSITION_SPECIFIC_1_2_3,0.7389085484956047,4.71604831532135,1
2025,POSITION_SPECIFIC_1_2_3,0.8159552224277336,4.725117879701657,0
2025,POSITION_SPECIFIC_1_2_3,0.9010356239112484,4.744064474428552,0
2025,POSITION_SPECIFIC_1_2_3,0.99498743710662,4.771054364281054,0
2025,POSITION_SPECIFIC_1_2_3,1.0987356922721567,4.804426521292197,0
2025,POSITION_SPECIFIC_1_2_3,1.2133018734219585,4.8426907757324695,0
2025,POSITION_SPECIFIC_1_2_3,1.339813975647744,4.884525446877908,0
2025,POSITION_SPECIFIC_1_2_3,1.4795176111268715,4.928773643227206,0
2025,POSITION_SPECIFIC_1_2_3,1.633788273164032,4.974437681825831,0
2025,POSITION_SPECIFIC_1_2_3,1.8041448790158505,5.020671397282279,0
2025,POSITION_SPECIFIC_1_2_3,1.992264724838261,5.066770423829699,0
2025,POSITION_SPECIFIC_1_2_3,2.2,5.112160783625053,0
2025,DIRECT_TRIO,0.45,5.247263263293943,0
2025,DIRECT_TRIO,0.4969219138688368,5.044847898438303,0
2025,DIRECT_TRIO,0.5487364188512615,4.8840569874948905,0
2025,DIRECT_TRIO,0.6059536699224456,4.761700072767362,0
2025,DIRECT_TRIO,0.6691370163860156,4.674509067633821,0
2025,DIRECT_TRIO,0.7389085484956047,4.618981798124713,0
2025,DIRECT_TRIO,0.8159552224277336,4.5913034232597,0
2025,DIRECT_TRIO,0.9010356239112484,4.587383216466949,1
2025,DIRECT_TRIO,0.99498743710662,4.603001301714272,0
2025,DIRECT_TRIO,1.0987356922721567,4.634017452332874,0
2025,DIRECT_TRIO,1.2133018734219585,4.676577657154069,0
2025,DIRECT_TRIO,1.339813975647744,4.727268562462277,0
2025,DIRECT_TRIO,1.4795176111268715,4.783199445750433,0
2025,DIRECT_TRIO,1.633788273164032,4.842017262132416,0
2025,DIRECT_TRIO,1.8041448790158505,4.901873633044376,0
2025,DIRECT_TRIO,1.992264724838261,4.961364642653211,0
2025,DIRECT_TRIO,2.2,5.019460188101304,0
