architecture,test_year,source_races,routed_races,route_coverage_pct,executed_races,execution_coverage_pct,data_availability_fallback_races,tickets,avg_tickets_per_race,hit_races,race_hit_rate_pct,stake_yen,return_yen,profit_yen,roi_pct,max_drawdown_yen,labeled_races,unlabeled_data_unavailable_races,target_template_accuracy_pct,target_bet_type_accuracy_pct,top1_return_share_pct,top5_return_share_pct,roi_without_top1_pct
OLD_V1,2023,3110,3110,100.0,3110,100.0,0,11597,3.7289389067524117,458,14.72668810289389,1159700.0,901840.0,-257860.0,77.76493920841597,287240.0,3110,0,34.758842443729904,41.768488745980704,4.05282533487093,14.941674798190366,74.61326205053031
OLD_V1,2024,3110,3110,100.0,3108,99.93569131832797,2,8690,2.7942122186495175,447,14.37299035369775,869000.0,588670.0,-280330.0,67.74108170310701,281490.0,3108,2,34.13770913770914,41.377091377091375,6.716836258005334,17.230366758965125,63.19102416570771
OLD_V1,2025,3110,3110,100.0,3109,99.96784565916398,1,6437,2.0697749196141477,440,14.14790996784566,643700.0,541840.0,-101860.0,84.17585831909274,111930.0,3109,1,35.92795110968157,42.42521711161145,5.481322899749004,15.977041192972095,79.56190772098803
L17_INFO_ONLY,2023,3110,3110,100.0,3110,100.0,0,8867,2.8511254019292607,445,14.308681672025724,886700.0,674360.0,-212340.0,76.05277997067779,229240.0,3110,0,36.91318327974277,43.37620578778135,4.410107361053443,15.616288036063823,72.69877072290515
L17_INFO_ONLY,2024,3110,3110,100.0,3108,99.93569131832797,2,9324,2.9980707395498394,448,14.405144694533762,932400.0,799060.0,-133340.0,85.6992706992707,157870.0,3108,2,34.58815958815959,42.05276705276705,5.9569994743824,22.68165093985433,80.59416559416559
L17_INFO_ONLY,2025,3110,3110,100.0,3109,99.96784565916398,1,7414,2.3839228295819934,443,14.244372990353698,741400.0,554880.0,-186520.0,74.84219045049906,199600.0,3109,1,35.63846896108073,42.52171116114506,4.703719723183391,15.933174740484429,71.32182357701646
L17_FULLFIELD,2023,3110,3110,100.0,3110,100.0,0,14533,4.672990353697749,506,16.270096463022508,1453300.0,942420.0,-510880.0,64.84690015826051,552010.0,3110,0,29.678456591639872,37.331189710610936,3.436896500498716,14.113664820356105,62.61817931603936
L17_FULLFIELD,2024,3110,3110,100.0,3108,99.93569131832797,2,12014,3.8630225080385854,487,15.659163987138264,1201400.0,916380.0,-285020.0,76.27601132012651,286310.0,3108,2,29.665379665379664,38.03088803088803,4.158755101595408,16.543355376590497,73.10387880805726
L17_FULLFIELD,2025,3110,3110,100.0,3109,99.96784565916398,1,10008,3.2180064308681673,478,15.369774919614148,1000800.0,668680.0,-332120.0,66.81454836131095,332640.0,3109,1,29.01254422643937,36.989385654551306,3.266136268469223,13.424956630974457,64.63229416466827
