scope,feature,category,anchors,collapse_n,survive_n,observed_n,coverage_pct,collapse_mean,survive_mean,collapse_median,survive_median,standardized_mean_diff,abs_smd,auc_larger_means_collapse,predictive_auc,direction,collapse_missing_pct,survive_missing_pct
MARKET_ODDS_LE_1.5,ped_sire_race_class_win_rate,OTHER,191,16,175,186,97.38219895287958,0.07198907638247873,0.11165812273359454,0.07010013301932816,0.09426362848965104,-0.40057962267942976,0.40057962267942976,0.28621323529411763,0.7137867647058824,LOWER_COLLAPSE,0.0,2.857142857142857
MARKET_ODDS_LE_1.5,ped_sire_distance_band_effective_starts,DISTANCE,191,16,175,191,100.0,378.4375,3132.342857142857,148.0,452.0,-0.10443496925069173,0.10443496925069173,0.2905357142857143,0.7094642857142857,LOWER_COLLAPSE,0.0,0.0
MARKET_ODDS_LE_1.5,ped_sire_distance_band_effective_margin_observations,DISTANCE,191,16,175,191,100.0,236.1875,1736.6857142857143,92.5,274.0,-0.1063003445126907,0.1063003445126907,0.29410714285714284,0.7058928571428571,LOWER_COLLAPSE,0.0,0.0
MARKET_ODDS_LE_1.5,ped_sire_distance_band_starts,DISTANCE,191,16,175,191,100.0,378.4375,1050.662857142857,148.0,419.0,-0.5783265776274044,0.5783265776274044,0.2976785714285714,0.7023214285714285,LOWER_COLLAPSE,0.0,0.0
MARKET_ODDS_LE_1.5,ped_sire_distance_band_win_observations,DISTANCE,191,16,175,191,100.0,378.4375,1050.662857142857,148.0,419.0,-0.5783265776274044,0.5783265776274044,0.2976785714285714,0.7023214285714285,LOWER_COLLAPSE,0.0,0.0
MARKET_ODDS_LE_1.5,ped_sire_distance_band_top3_observations,DISTANCE,191,16,175,191,100.0,378.4375,1050.662857142857,148.0,419.0,-0.5783265776274044,0.5783265776274044,0.2976785714285714,0.7023214285714285,LOWER_COLLAPSE,0.0,0.0
MARKET_ODDS_LE_1.5,ped_sire_distance_band_margin_observations,DISTANCE,191,16,175,191,100.0,236.1875,622.1542857142857,92.5,270.0,-0.5794347497648851,0.5794347497648851,0.30125,0.69875,LOWER_COLLAPSE,0.0,0.0
MARKET_ODDS_LE_1.5,auto_history_last_3f_gap_to_best,PACE_TIME,191,16,175,184,96.33507853403141,0.09375,0.8565476190476189,0.0,0.19999999999999574,-0.6937955947096168,0.6937955947096168,0.30171130952380953,0.6982886904761905,LOWER_COLLAPSE,0.0,4.0
MARKET_ODDS_LE_1.5,auto_history_last_3f_previous_delta,PACE_TIME,191,16,175,147,76.96335078534031,-2.858333333333332,-0.20296296296296285,-0.5000000000000009,-0.3000000000000007,-1.1507211226861416,1.1507211226861416,0.3148148148148148,0.6851851851851851,LOWER_COLLAPSE,25.0,22.857142857142858
MARKET_ODDS_LE_1.5,ped_sire_surface_starts,RACE_CONDITION,191,16,175,191,100.0,1056.3125,1666.4685714285715,214.5,884.0,-0.3390256275728822,0.3390256275728822,0.31892857142857145,0.6810714285714285,LOWER_COLLAPSE,0.0,0.0
MARKET_ODDS_LE_1.5,ped_sire_surface_win_observations,RACE_CONDITION,191,16,175,191,100.0,1056.3125,1666.4685714285715,214.5,884.0,-0.3390256275728822,0.3390256275728822,0.31892857142857145,0.6810714285714285,LOWER_COLLAPSE,0.0,0.0
MARKET_ODDS_LE_1.5,ped_sire_surface_top3_observations,RACE_CONDITION,191,16,175,191,100.0,1056.3125,1666.4685714285715,214.5,884.0,-0.3390256275728822,0.3390256275728822,0.31892857142857145,0.6810714285714285,LOWER_COLLAPSE,0.0,0.0
MARKET_ODDS_LE_1.5,ped_sire_surface_margin_observations,RACE_CONDITION,191,16,175,191,100.0,553.625,970.1942857142857,147.0,554.0,-0.42496901938735415,0.42496901938735415,0.32107142857142856,0.6789285714285714,LOWER_COLLAPSE,0.0,0.0
MARKET_ODDS_LE_1.5,auto_history_last_3f_linear_trend,PACE_TIME,191,16,175,147,76.96335078534031,-0.6288247308307242,-0.05664402496350204,-0.3971428571428568,-0.05818181818181791,-0.5779142999689388,0.5779142999689388,0.3219135802469136,0.6780864197530865,LOWER_COLLAPSE,25.0,22.857142857142858
MARKET_ODDS_LE_1.5,timepace_recent_avg_normalized_early_pace,PACE_TIME,191,16,175,184,96.33507853403141,-0.5230490779557393,-0.21513076284268473,-0.6360655411521965,-0.11841719827302848,-0.3883311251812409,0.3883311251812409,0.32273065476190477,0.6772693452380952,LOWER_COLLAPSE,0.0,4.0
MARKET_ODDS_LE_1.5,ped_sire_race_class_effective_win_rate,OTHER,191,16,175,191,100.0,0.07942010880337172,0.09509976051679711,0.07185900737252383,0.0941691630640912,-0.5257290969939067,0.5257290969939067,0.32607142857142857,0.6739285714285714,LOWER_COLLAPSE,0.0,0.0
MARKET_ODDS_LE_1.5,ped_sire_distance_band_effective_win_rate,DISTANCE,191,16,175,191,100.0,0.08183151799307076,0.09685671701302397,0.0820559352972588,0.09554281583237033,-0.5150082270661881,0.5150082270661881,0.3298214285714286,0.6701785714285714,LOWER_COLLAPSE,0.0,0.0
MARKET_ODDS_LE_1.5,actor_trainer_race_class_starts,ACTOR,191,16,175,191,100.0,507.375,391.66285714285715,521.0,367.0,0.5697874012314991,0.5697874012314991,0.67,0.67,HIGHER_COLLAPSE,0.0,0.0
MARKET_ODDS_LE_1.5,actor_trainer_race_class_win_observations,ACTOR,191,16,175,191,100.0,507.375,391.66285714285715,521.0,367.0,0.5697874012314991,0.5697874012314991,0.67,0.67,HIGHER_COLLAPSE,0.0,0.0
MARKET_ODDS_LE_1.5,actor_trainer_race_class_top3_observations,ACTOR,191,16,175,191,100.0,507.375,391.66285714285715,521.0,367.0,0.5697874012314991,0.5697874012314991,0.67,0.67,HIGHER_COLLAPSE,0.0,0.0
MARKET_ODDS_LE_1.5,actor_trainer_race_class_effective_starts,ACTOR,191,16,175,191,100.0,507.375,391.66285714285715,521.0,367.0,0.5697874012314991,0.5697874012314991,0.67,0.67,HIGHER_COLLAPSE,0.0,0.0
MARKET_ODDS_LE_1.5,ped_sire_going_starts,OTHER,191,16,175,191,100.0,928.25,1681.5885714285714,282.0,750.0,-0.37120086696678595,0.37120086696678595,0.33321428571428574,0.6667857142857143,LOWER_COLLAPSE,0.0,0.0
MARKET_ODDS_LE_1.5,ped_sire_going_win_observations,OTHER,191,16,175,191,100.0,928.25,1681.5885714285714,282.0,750.0,-0.37120086696678595,0.37120086696678595,0.33321428571428574,0.6667857142857143,LOWER_COLLAPSE,0.0,0.0
MARKET_ODDS_LE_1.5,ped_sire_going_top3_observations,OTHER,191,16,175,191,100.0,928.25,1681.5885714285714,282.0,750.0,-0.37120086696678595,0.37120086696678595,0.33321428571428574,0.6667857142857143,LOWER_COLLAPSE,0.0,0.0
MARKET_ODDS_LE_1.5,ped_sire_all_effective_margin_observations,HISTORY_FRAGILITY,191,16,175,191,100.0,744.5,2737.102857142857,319.0,966.0,-0.14113422532885167,0.14113422532885167,0.33339285714285716,0.6666071428571428,LOWER_COLLAPSE,0.0,0.0
MARKET_ODDS_LE_1.5,ped_sire_going_margin_observations,HISTORY_FRAGILITY,191,16,175,191,100.0,486.1875,976.0742857142857,178.0,425.0,-0.4376170088801643,0.4376170088801643,0.335,0.665,LOWER_COLLAPSE,0.0,0.0
MARKET_ODDS_LE_1.5,ped_sire_race_class_effective_starts,OTHER,191,16,175,191,100.0,331.875,2848.285714285714,161.5,392.0,-0.0953970879549597,0.0953970879549597,0.335,0.665,LOWER_COLLAPSE,0.0,0.0
MARKET_ODDS_LE_1.5,ped_sire_all_effective_starts,OTHER,191,16,175,191,100.0,1377.0,4849.028571428571,576.5,1605.0,-0.13164379774037732,0.13164379774037732,0.3364285714285714,0.6635714285714286,LOWER_COLLAPSE,0.0,0.0
MARKET_ODDS_LE_1.5,ped_sire_going_effective_starts,OTHER,191,16,175,191,100.0,932.125,3763.1314285714284,282.0,753.0,-0.10733292155624992,0.10733292155624992,0.3380357142857143,0.6619642857142858,LOWER_COLLAPSE,0.0,0.0
MARKET_ODDS_LE_1.5,auto_history_speed_mps_gap_to_best,HISTORY_FRAGILITY,191,16,175,184,96.33507853403141,-0.17250543391871176,-0.2656979777273606,0.0,-0.046219118904710754,0.2249546947991123,0.2249546947991123,0.6618303571428571,0.6618303571428571,HIGHER_COLLAPSE,0.0,4.0
MARKET_ODDS_LE_1.5,ped_sire_venue_effective_top3_rate,RACE_CONDITION,191,16,175,191,100.0,0.23295395851726297,0.2625106460845717,0.2330383981358758,0.2651924312965603,-0.5264432429569468,0.5264432429569468,0.3385714285714286,0.6614285714285715,LOWER_COLLAPSE,0.0,0.0
MARKET_ODDS_LE_1.5,ped_sire_going_effective_margin_observations,HISTORY_FRAGILITY,191,16,175,191,100.0,488.5625,2090.502857142857,178.0,437.0,-0.11346430451342744,0.11346430451342744,0.33875,0.66125,LOWER_COLLAPSE,0.0,0.0
MARKET_ODDS_LE_1.5,ped_sire_all_margin_observations,HISTORY_FRAGILITY,191,16,175,191,100.0,744.5,1622.6742857142858,319.0,948.0,-0.5458190977679674,0.5458190977679674,0.3391071428571429,0.6608928571428572,LOWER_COLLAPSE,0.0,0.0
MARKET_ODDS_LE_1.5,auto_history_body_weight_linear_trend,WEIGHT_BODY,191,16,175,147,76.96335078534031,-0.8269835127033268,0.7000712997204226,-0.2571428571428571,0.8,-0.4114009846512895,0.4114009846512895,0.3391975308641975,0.6608024691358025,LOWER_COLLAPSE,25.0,22.857142857142858
MARKET_ODDS_LE_1.5,auto_history_speed_mps_previous_delta,HISTORY_FRAGILITY,191,16,175,147,76.96335078534031,0.12990341608109413,0.06185697588548958,0.18582372678587333,0.05168205201599818,0.17222677957542976,0.17222677957542976,0.6598765432098765,0.6598765432098765,HIGHER_COLLAPSE,25.0,22.857142857142858
MARKET_ODDS_LE_1.5,ped_sire_course_layout_effective_margin_observations,RACE_CONDITION,191,16,175,191,100.0,739.875,2701.805714285714,319.0,934.0,-0.13894012849317525,0.13894012849317525,0.34160714285714283,0.6583928571428572,LOWER_COLLAPSE,0.0,0.0
MARKET_ODDS_LE_1.5,ped_sire_all_starts,OTHER,191,16,175,191,100.0,1377.0,2767.502857142857,576.5,1516.0,-0.4848841405021774,0.4848841405021774,0.34214285714285714,0.6578571428571429,LOWER_COLLAPSE,0.0,0.0
MARKET_ODDS_LE_1.5,ped_sire_all_win_observations,OTHER,191,16,175,191,100.0,1377.0,2767.502857142857,576.5,1516.0,-0.4848841405021774,0.4848841405021774,0.34214285714285714,0.6578571428571429,LOWER_COLLAPSE,0.0,0.0
MARKET_ODDS_LE_1.5,ped_sire_all_top3_observations,OTHER,191,16,175,191,100.0,1377.0,2767.502857142857,576.5,1516.0,-0.4848841405021774,0.4848841405021774,0.34214285714285714,0.6578571428571429,LOWER_COLLAPSE,0.0,0.0
MARKET_ODDS_LE_1.5,auto_history_speed_mps_linear_trend,HISTORY_FRAGILITY,191,16,175,147,76.96335078534031,0.19061046989266808,0.05069469181050486,0.11599270641249912,0.04413517262284863,0.5342862471697072,0.5342862471697072,0.6574074074074074,0.6574074074074074,HIGHER_COLLAPSE,25.0,22.857142857142858
MARKET_ODDS_LE_1.5,ped_sire_race_class_effective_margin_observations,HISTORY_FRAGILITY,191,16,175,191,100.0,214.8125,1593.6571428571428,98.0,257.0,-0.09765013308006237,0.09765013308006237,0.34267857142857144,0.6573214285714286,LOWER_COLLAPSE,0.0,0.0
MARKET_ODDS_LE_1.5,ped_sire_surface_effective_starts,RACE_CONDITION,191,16,175,191,100.0,1110.125,3748.0,278.0,903.0,-0.10007013523727701,0.10007013523727701,0.3432142857142857,0.6567857142857143,LOWER_COLLAPSE,0.0,0.0
MARKET_ODDS_LE_1.5,timepace_fast_pace_rate,PACE_TIME,191,16,175,184,96.33507853403141,0.09166666666666667,0.2423894557823129,0.0,0.16666666666666666,-0.5597326101944604,0.5597326101944604,0.34375,0.65625,LOWER_COLLAPSE,0.0,4.0
MARKET_ODDS_LE_1.5,ped_sire_course_layout_effective_starts,RACE_CONDITION,191,16,175,191,100.0,1222.25,4692.885714285714,543.5,1423.0,-0.1316124378904249,0.1316124378904249,0.34517857142857145,0.6548214285714286,LOWER_COLLAPSE,0.0,0.0
MARKET_ODDS_LE_1.5,ped_sire_surface_effective_margin_observations,RACE_CONDITION,191,16,175,191,100.0,589.25,2084.6285714285714,173.5,559.0,-0.10599153405219051,0.10599153405219051,0.3467857142857143,0.6532142857142857,LOWER_COLLAPSE,0.0,0.0
MARKET_ODDS_LE_1.5,ped_sire_course_layout_margin_observations,RACE_CONDITION,191,16,175,191,100.0,739.875,1587.3771428571429,319.0,860.0,-0.5278588328944201,0.5278588328944201,0.34732142857142856,0.6526785714285714,LOWER_COLLAPSE,0.0,0.0
MARKET_ODDS_LE_1.5,ped_sire_course_layout_starts,RACE_CONDITION,191,16,175,191,100.0,1222.25,2611.36,543.5,1324.0,-0.5108161956291505,0.5108161956291505,0.3508928571428571,0.6491071428571429,LOWER_COLLAPSE,0.0,0.0
MARKET_ODDS_LE_1.5,ped_sire_course_layout_win_observations,RACE_CONDITION,191,16,175,191,100.0,1222.25,2611.36,543.5,1324.0,-0.5108161956291505,0.5108161956291505,0.3508928571428571,0.6491071428571429,LOWER_COLLAPSE,0.0,0.0
MARKET_ODDS_LE_1.5,ped_sire_course_layout_top3_observations,RACE_CONDITION,191,16,175,191,100.0,1222.25,2611.36,543.5,1324.0,-0.5108161956291505,0.5108161956291505,0.3508928571428571,0.6491071428571429,LOWER_COLLAPSE,0.0,0.0
MARKET_ODDS_LE_1.5,ped_damsire_course_layout_top3_rate,RACE_CONDITION,191,16,175,191,100.0,0.22818823742926525,0.2600446090401064,0.22067002356566248,0.24446405648267008,-0.3201707365093763,0.3201707365093763,0.3535714285714286,0.6464285714285714,LOWER_COLLAPSE,0.0,0.0
MARKET_ODDS_LE_1.5,ped_sire_race_class_starts,OTHER,191,16,175,191,100.0,331.0,758.9314285714286,161.5,357.0,-0.5031686856940928,0.5031686856940928,0.35410714285714284,0.6458928571428572,LOWER_COLLAPSE,0.0,0.0
MARKET_ODDS_LE_1.5,ped_sire_race_class_win_observations,OTHER,191,16,175,191,100.0,331.0,758.9314285714286,161.5,357.0,-0.5031686856940928,0.5031686856940928,0.35410714285714284,0.6458928571428572,LOWER_COLLAPSE,0.0,0.0
MARKET_ODDS_LE_1.5,ped_sire_race_class_top3_observations,OTHER,191,16,175,191,100.0,331.0,758.9314285714286,161.5,357.0,-0.5031686856940928,0.5031686856940928,0.35410714285714284,0.6458928571428572,LOWER_COLLAPSE,0.0,0.0
MARKET_ODDS_LE_1.5,ped_sire_venue_effective_starts,RACE_CONDITION,191,16,175,191,100.0,164.625,2423.0514285714285,69.0,188.0,-0.08555102525738742,0.08555102525738742,0.3605357142857143,0.6394642857142857,LOWER_COLLAPSE,0.0,0.0
MARKET_ODDS_LE_1.5,ped_sire_venue_starts,RACE_CONDITION,191,16,175,191,100.0,162.0625,339.81142857142856,69.0,181.0,-0.4606763134380233,0.4606763134380233,0.36214285714285716,0.6378571428571429,LOWER_COLLAPSE,0.0,0.0
MARKET_ODDS_LE_1.5,ped_sire_venue_win_observations,RACE_CONDITION,191,16,175,191,100.0,162.0625,339.81142857142856,69.0,181.0,-0.4606763134380233,0.4606763134380233,0.36214285714285716,0.6378571428571429,LOWER_COLLAPSE,0.0,0.0
MARKET_ODDS_LE_1.5,ped_sire_venue_top3_observations,RACE_CONDITION,191,16,175,191,100.0,162.0625,339.81142857142856,69.0,181.0,-0.4606763134380233,0.4606763134380233,0.36214285714285716,0.6378571428571429,LOWER_COLLAPSE,0.0,0.0
MARKET_ODDS_LE_1.5,ped_damsire_distance_band_effective_win_rate,DISTANCE,191,16,175,191,100.0,0.07477966353382488,0.08811678254604227,0.07228470702573156,0.08226601852753421,-0.42366105274080607,0.42366105274080607,0.36214285714285716,0.6378571428571429,LOWER_COLLAPSE,0.0,0.0
MARKET_ODDS_LE_1.5,ped_sire_race_class_margin_observations,HISTORY_FRAGILITY,191,16,175,191,100.0,214.4375,474.45142857142855,98.0,212.0,-0.48992651561163475,0.48992651561163475,0.36232142857142857,0.6376785714285714,LOWER_COLLAPSE,0.0,0.0
MARKET_ODDS_LE_1.5,ped_damsire_distance_band_win_rate,DISTANCE,191,16,175,191,100.0,0.07345355344988877,0.09428113555060862,0.07149182206479841,0.08396946564885496,-0.2971759383421523,0.2971759383421523,0.3630357142857143,0.6369642857142856,LOWER_COLLAPSE,0.0,0.0
MARKET_ODDS_LE_1.5,ped_sire_venue_effective_margin_observations,RACE_CONDITION,191,16,175,191,100.0,96.375,1317.2057142857143,43.5,115.0,-0.08638526840929425,0.08638526840929425,0.3632142857142857,0.6367857142857143,LOWER_COLLAPSE,0.0,0.0
MARKET_ODDS_LE_1.5,ped_damsire_course_layout_effective_top3_rate,RACE_CONDITION,191,16,175,191,100.0,0.22748644612382452,0.24496480061052522,0.22066317497667848,0.2440847789650932,-0.37843279610791347,0.37843279610791347,0.36357142857142855,0.6364285714285715,LOWER_COLLAPSE,0.0,0.0
MARKET_ODDS_LE_1.5,auto_history_body_weight_rolling_2_mean,WEIGHT_BODY,191,16,175,184,96.33507853403141,473.25,485.3154761904762,469.5,483.0,-0.46562380571462714,0.46562380571462714,0.36495535714285715,0.6350446428571428,LOWER_COLLAPSE,0.0,4.0
MARKET_ODDS_LE_1.5,ped_sire_venue_margin_observations,RACE_CONDITION,191,16,175,191,100.0,94.875,201.73714285714286,43.5,108.0,-0.47188577261699216,0.47188577261699216,0.3655357142857143,0.6344642857142857,LOWER_COLLAPSE,0.0,0.0
MARKET_ODDS_LE_1.5,ped_sire_distance_band_avg_margin_lengths,DISTANCE,191,16,175,190,99.47643979057592,2.3198684149338735,2.0500012935037524,2.2510504201680672,2.0181827357881135,0.7365908115993383,0.7365908115993383,0.6343390804597702,0.6343390804597702,HIGHER_COLLAPSE,0.0,0.5714285714285714
MARKET_ODDS_LE_1.5,lap_previous_variance,PACE_TIME,191,16,175,184,96.33507853403141,0.5194909843347472,0.5159045323738014,0.23325,0.32874131944444435,0.0054356210226248316,0.0054356210226248316,0.3664434523809524,0.6335565476190477,HIGHER_COLLAPSE,0.0,4.0
MARKET_ODDS_LE_1.5,race_no,OTHER,191,16,175,191,100.0,3.5625,5.16,3.0,5.0,-0.4748100874436672,0.4748100874436672,0.3682142857142857,0.6317857142857143,LOWER_COLLAPSE,0.0,0.0
MARKET_ODDS_LE_1.5,auto_history_body_weight_recency_weighted_mean,WEIGHT_BODY,191,16,175,184,96.33507853403141,473.08138038109985,484.49246652818084,467.45238095238096,481.3666666666667,-0.4402491927469264,0.4402491927469264,0.36941964285714285,0.6305803571428572,LOWER_COLLAPSE,0.0,4.0
MARKET_ODDS_LE_1.5,ped_damsire_all_top3_rate,OTHER,191,16,175,191,100.0,0.22923317905744556,0.259931892295963,0.22164949697296626,0.2443557168784029,-0.3094186198750731,0.3094186198750731,0.37089285714285714,0.6291071428571429,LOWER_COLLAPSE,0.0,0.0
MARKET_ODDS_LE_1.5,auto_history_body_weight_last,WEIGHT_BODY,191,16,175,184,96.33507853403141,473.5,485.5238095238095,470.0,482.0,-0.46130473598216737,0.46130473598216737,0.3712797619047619,0.6287202380952381,LOWER_COLLAPSE,0.0,4.0
MARKET_ODDS_LE_1.5,timepace_slow_pace_avg_performance_score,PACE_TIME,191,16,175,137,71.72774869109948,0.04297525431101372,0.2730292566066831,0.09040129859174711,0.275275858578659,-0.469391276118738,0.469391276118738,0.3715880893300248,0.6284119106699753,LOWER_COLLAPSE,18.75,29.142857142857142
MARKET_ODDS_LE_1.5,auto_history_body_weight_rolling_3_mean,WEIGHT_BODY,191,16,175,184,96.33507853403141,473.4583333333333,484.9305555555556,468.66666666666663,482.0,-0.4427945326744015,0.4427945326744015,0.3716517857142857,0.6283482142857143,LOWER_COLLAPSE,0.0,4.0
MARKET_ODDS_LE_1.5,ped_damsire_all_effective_top3_rate,OTHER,191,16,175,191,100.0,0.22845586779796867,0.2453523567076966,0.2216295519100714,0.2442559612941807,-0.3680259662025696,0.3680259662025696,0.3732142857142857,0.6267857142857143,LOWER_COLLAPSE,0.0,0.0
MARKET_ODDS_LE_1.5,actor_horse_jockey_all_effective_starts,ACTOR,191,16,175,191,100.0,197781.8125,113948.09714285714,337878.5,3.0,0.4995805823053404,0.4995805823053404,0.6258928571428571,0.6258928571428571,HIGHER_COLLAPSE,0.0,0.0
MARKET_ODDS_LE_1.5,actor_horse_jockey_recent_effective_starts,ACTOR,191,16,175,191,100.0,197781.8125,113948.09714285714,337878.5,3.0,0.4995805823053404,0.4995805823053404,0.6258928571428571,0.6258928571428571,HIGHER_COLLAPSE,0.0,0.0
MARKET_ODDS_LE_1.5,auto_history_body_weight_ewma,WEIGHT_BODY,191,16,175,184,96.33507853403141,473.5542702674866,484.95715597697665,469.2450141906738,482.0,-0.4400063909049266,0.4400063909049266,0.3742559523809524,0.6257440476190477,LOWER_COLLAPSE,0.0,4.0
MARKET_ODDS_LE_1.5,auto_history_body_weight_mean,WEIGHT_BODY,191,16,175,184,96.33507853403141,473.0952576754386,483.9951859978646,467.10416666666663,481.15555555555557,-0.4180368644090219,0.4180368644090219,0.37723214285714285,0.6227678571428572,LOWER_COLLAPSE,0.0,4.0
MARKET_ODDS_LE_1.5,actor_jockey_surface_starts,ACTOR,191,16,175,191,100.0,1580.0625,2038.3942857142856,1582.0,2235.0,-0.47178839329600547,0.47178839329600547,0.37839285714285714,0.6216071428571428,LOWER_COLLAPSE,0.0,0.0
MARKET_ODDS_LE_1.5,actor_jockey_surface_win_observations,ACTOR,191,16,175,191,100.0,1580.0625,2038.3942857142856,1582.0,2235.0,-0.47178839329600547,0.47178839329600547,0.37839285714285714,0.6216071428571428,LOWER_COLLAPSE,0.0,0.0
MARKET_ODDS_LE_1.5,actor_jockey_surface_top3_observations,ACTOR,191,16,175,191,100.0,1580.0625,2038.3942857142856,1582.0,2235.0,-0.47178839329600547,0.47178839329600547,0.37839285714285714,0.6216071428571428,LOWER_COLLAPSE,0.0,0.0
MARKET_ODDS_LE_1.5,actor_jockey_surface_effective_starts,ACTOR,191,16,175,191,100.0,1580.0625,2038.3942857142856,1582.0,2235.0,-0.47178839329600547,0.47178839329600547,0.37839285714285714,0.6216071428571428,LOWER_COLLAPSE,0.0,0.0
MARKET_ODDS_LE_1.5,actor_horse_jockey_all_fallback_level,ACTOR,191,16,175,191,100.0,1.125,0.64,2.0,0.0,0.5143130459209626,0.5143130459209626,0.62125,0.62125,HIGHER_COLLAPSE,0.0,0.0
MARKET_ODDS_LE_1.5,auto_history_body_weight_min,WEIGHT_BODY,191,16,175,184,96.33507853403141,468.5,479.2857142857143,460.0,476.0,-0.4023187735178388,0.4023187735178388,0.3794642857142857,0.6205357142857143,LOWER_COLLAPSE,0.0,4.0
MARKET_ODDS_LE_1.5,auto_history_body_weight_max,WEIGHT_BODY,191,16,175,184,96.33507853403141,477.125,488.45238095238096,473.0,486.0,-0.43315956973009745,0.43315956973009745,0.37983630952380953,0.6201636904761905,LOWER_COLLAPSE,0.0,4.0
MARKET_ODDS_LE_1.5,timepace_recent_avg_normalized_time,PACE_TIME,191,16,175,184,96.33507853403141,0.16596599380965188,0.3362329639698902,0.2714386918932437,0.3808887490886874,-0.31806073483020636,0.31806073483020636,0.37983630952380953,0.6201636904761905,LOWER_COLLAPSE,0.0,4.0
MARKET_ODDS_LE_1.5,auto_history_body_weight_median,WEIGHT_BODY,191,16,175,184,96.33507853403141,473.3125,484.1488095238095,468.0,481.0,-0.4158279024330786,0.4158279024330786,0.38076636904761907,0.6192336309523809,LOWER_COLLAPSE,0.0,4.0
MARKET_ODDS_LE_1.5,auto_history_body_weight_rolling_5_mean,WEIGHT_BODY,191,16,175,184,96.33507853403141,473.4666666666667,484.3121031746032,468.4,481.6,-0.4166848424433377,0.4166848424433377,0.3815104166666667,0.6184895833333333,LOWER_COLLAPSE,0.0,4.0
MARKET_ODDS_LE_1.5,timepace_fast_pace_starts,PACE_TIME,191,16,175,191,100.0,0.625,1.1657142857142857,0.0,1.0,-0.37741057622281965,0.37741057622281965,0.3826785714285714,0.6173214285714286,LOWER_COLLAPSE,0.0,0.0
MARKET_ODDS_LE_1.5,ped_sire_distance_band_effective_avg_margin_lengths,DISTANCE,191,16,175,191,100.0,2.172762574226167,2.0656613377473967,2.198095502035434,2.018953315322785,0.40800771955180826,0.40800771955180826,0.6144642857142857,0.6144642857142857,HIGHER_COLLAPSE,0.0,0.0
MARKET_ODDS_LE_1.5,ped_sire_race_class_top3_rate,OTHER,191,16,175,186,97.38219895287958,0.24387841891795967,0.2994721603896019,0.23876844717252188,0.2697450248756219,-0.3757318684537218,0.3757318684537218,0.38841911764705883,0.6115808823529412,LOWER_COLLAPSE,0.0,2.857142857142857
MARKET_ODDS_LE_1.5,auto_field_recent_win_rate_diff_mean,FIELD_OPPONENT,191,16,175,184,96.33507853403141,0.0528125,0.11378449757914044,0.0,0.0,-0.33435786516853416,0.33435786516853416,0.38876488095238093,0.6112351190476191,LOWER_COLLAPSE,0.0,4.0
MARKET_ODDS_LE_1.5,actor_trainer_venue_effective_win_rate,ACTOR,191,16,175,191,100.0,0.09446399262890817,0.11111250435294863,0.0861063409730217,0.1030771785942353,-0.3851652310378443,0.3851652310378443,0.3889285714285714,0.6110714285714286,LOWER_COLLAPSE,0.0,0.0
MARKET_ODDS_LE_1.5,body_weight,WEIGHT_BODY,191,16,175,191,100.0,476.375,486.37714285714287,469.0,484.0,-0.3967413899814168,0.3967413899814168,0.3896428571428571,0.6103571428571428,LOWER_COLLAPSE,0.0,0.0
MARKET_ODDS_LE_1.5,actor_horse_jockey_all_effective_top3_rate,ACTOR,191,16,175,191,100.0,0.25200696592926675,0.2596191656957685,0.21899461013949506,0.256015950422022,-0.17914111529243917,0.17914111529243917,0.3896428571428571,0.6103571428571428,LOWER_COLLAPSE,0.0,0.0
MARKET_ODDS_LE_1.5,actor_horse_jockey_recent_effective_top3_rate,ACTOR,191,16,175,191,100.0,0.25200696592926675,0.2596191656957685,0.21899461013949506,0.256015950422022,-0.17914111529243917,0.17914111529243917,0.3896428571428571,0.6103571428571428,LOWER_COLLAPSE,0.0,0.0
MARKET_ODDS_LE_1.5,ped_sire_distance_band_win_rate,DISTANCE,191,16,175,190,99.47643979057592,0.08654481273481993,0.10273237676609076,0.08807033924680983,0.09824898246539132,-0.29936287949250756,0.29936287949250756,0.3917025862068966,0.6082974137931034,LOWER_COLLAPSE,0.0,0.5714285714285714
MARKET_ODDS_LE_1.5,auto_field_recent_win_rate_zscore,FIELD_OPPONENT,191,16,175,184,96.33507853403141,0.29150375393913813,0.6920305021662982,0.0,0.0,-0.3862439054556567,0.3862439054556567,0.39248511904761907,0.6075148809523809,LOWER_COLLAPSE,0.0,4.0
MARKET_ODDS_LE_1.5,actor_trainer_venue_win_rate,ACTOR,191,16,175,191,100.0,0.09682070222816651,0.11359307613828183,0.08774902640285051,0.10852713178294573,-0.34867088096661814,0.34867088096661814,0.39285714285714285,0.6071428571428572,LOWER_COLLAPSE,0.0,0.0
MARKET_ODDS_LE_1.5,body_weight_diff,WEIGHT_BODY,191,16,175,191,100.0,2.875,0.6971428571428572,3.0,0.0,0.4399841530059649,0.4399841530059649,0.6057142857142858,0.6057142857142858,HIGHER_COLLAPSE,0.0,0.0
MARKET_ODDS_LE_1.5,auto_history_speed_mps_gap_to_worst,HISTORY_FRAGILITY,191,16,175,184,96.33507853403141,0.4759820506425665,0.30512989369032695,0.39832173662785486,0.17471086959658866,0.45510620901768256,0.45510620901768256,0.6052827380952381,0.6052827380952381,HIGHER_COLLAPSE,0.0,4.0
MARKET_ODDS_LE_1.5,ped_sire_venue_top3_rate,RACE_CONDITION,191,16,175,187,97.90575916230367,0.2527929552904517,0.2762949946637255,0.23548192771084336,0.2746478873239437,-0.1940593517770042,0.1940593517770042,0.39491959064327486,0.6050804093567251,LOWER_COLLAPSE,0.0,2.2857142857142856
MARKET_ODDS_LE_1.5,actor_trainer_distance_band_effective_win_rate,DISTANCE,191,16,175,191,100.0,0.09253721128166126,0.10825564100314564,0.08991204643993,0.10741307924492596,-0.3812379292243759,0.3812379292243759,0.39571428571428574,0.6042857142857143,LOWER_COLLAPSE,0.0,0.0
MARKET_ODDS_LE_1.5,auto_history_distance_m_variance,DISTANCE,191,16,175,184,96.33507853403141,32335.220662848187,20699.3784141527,2361.1111111111113,7500.0,0.23275097753107504,0.23275097753107504,0.3958333333333333,0.6041666666666667,HIGHER_COLLAPSE,0.0,4.0
MARKET_ODDS_LE_1.5,auto_history_distance_m_stddev,DISTANCE,191,16,175,184,96.33507853403141,90.68516624633764,94.57429991870596,34.35921354681384,86.60254037844386,-0.03414868870629608,0.03414868870629608,0.3958333333333333,0.6041666666666667,LOWER_COLLAPSE,0.0,4.0
MARKET_ODDS_LE_1.5,actor_jockey_venue_effective_win_rate,ACTOR,191,16,175,191,100.0,0.13978442267372126,0.17032167432912876,0.13188049305662014,0.14758666071516197,-0.3814165212561465,0.3814165212561465,0.3969642857142857,0.6030357142857143,LOWER_COLLAPSE,0.0,0.0
MARKET_ODDS_LE_1.5,timepace_recent_avg_performance_score,PACE_TIME,191,16,175,184,96.33507853403141,0.3370322317657809,0.4577539231598803,0.272987628337235,0.4277736012808725,-0.31329114700010674,0.31329114700010674,0.3991815476190476,0.6008184523809523,LOWER_COLLAPSE,0.0,4.0
MARKET_ODDS_LE_1.5,ped_damsire_venue_win_rate,RACE_CONDITION,191,16,175,188,98.42931937172776,0.06848719548001364,0.09033908637263788,0.07330511121135362,0.0825386012715713,-0.242996427804728,0.242996427804728,0.399890988372093,0.600109011627907,LOWER_COLLAPSE,0.0,1.7142857142857144
MARKET_ODDS_LE_1.5,ped_damsire_venue_effective_win_rate,RACE_CONDITION,191,16,175,191,100.0,0.07457497255837257,0.08170294866782565,0.07328508599560689,0.08091549902832561,-0.23267437594714824,0.23267437594714824,0.4010714285714286,0.5989285714285715,LOWER_COLLAPSE,0.0,0.0
MARKET_ODDS_LE_1.5,actor_jockey_distance_band_win_rate,DISTANCE,191,16,175,191,100.0,0.14939457275509882,0.17224021645614573,0.12561180600187868,0.13861920172599784,-0.297676899889122,0.297676899889122,0.40125,0.59875,LOWER_COLLAPSE,0.0,0.0
MARKET_ODDS_LE_1.5,ped_sire_venue_effective_win_rate,RACE_CONDITION,191,16,175,191,100.0,0.07891407439445963,0.0899344061527787,0.07863596990718666,0.08926652781630466,-0.3692209620766397,0.3692209620766397,0.4014285714285714,0.5985714285714285,LOWER_COLLAPSE,0.0,0.0
MARKET_ODDS_LE_1.5,actor_jockey_venue_effective_top3_rate,ACTOR,191,16,175,191,100.0,0.3503521609343887,0.40156868188482886,0.36143533812152995,0.3822286429237265,-0.3845453617008038,0.3845453617008038,0.40232142857142855,0.5976785714285715,LOWER_COLLAPSE,0.0,0.0
MARKET_ODDS_LE_1.5,actor_jockey_distance_band_effective_win_rate,DISTANCE,191,16,175,191,100.0,0.14645602028161459,0.16880444069470457,0.12514026025986377,0.1379184997295116,-0.301916615042635,0.301916615042635,0.4030357142857143,0.5969642857142857,LOWER_COLLAPSE,0.0,0.0
MARKET_ODDS_LE_1.5,timepace_slow_pace_top3_rate,PACE_TIME,191,16,175,137,71.72774869109948,0.5512820512820512,0.7282258064516128,0.6666666666666666,1.0,-0.47745240849602993,0.47745240849602993,0.40384615384615385,0.5961538461538461,LOWER_COLLAPSE,18.75,29.142857142857142
MARKET_ODDS_LE_1.5,actor_horse_jockey_all_starts,ACTOR,191,16,175,191,100.0,1.25,1.4685714285714286,0.0,1.0,-0.1311957030624192,0.1311957030624192,0.4039285714285714,0.5960714285714286,LOWER_COLLAPSE,0.0,0.0
MARKET_ODDS_LE_1.5,actor_horse_jockey_all_win_observations,ACTOR,191,16,175,191,100.0,1.25,1.4685714285714286,0.0,1.0,-0.1311957030624192,0.1311957030624192,0.4039285714285714,0.5960714285714286,LOWER_COLLAPSE,0.0,0.0
MARKET_ODDS_LE_1.5,actor_horse_jockey_all_top3_observations,ACTOR,191,16,175,191,100.0,1.25,1.4685714285714286,0.0,1.0,-0.1311957030624192,0.1311957030624192,0.4039285714285714,0.5960714285714286,LOWER_COLLAPSE,0.0,0.0
MARKET_ODDS_LE_1.5,actor_horse_jockey_recent_starts,ACTOR,191,16,175,191,100.0,1.25,1.4685714285714286,0.0,1.0,-0.1311957030624192,0.1311957030624192,0.4039285714285714,0.5960714285714286,LOWER_COLLAPSE,0.0,0.0
MARKET_ODDS_LE_1.5,actor_horse_jockey_recent_win_observations,ACTOR,191,16,175,191,100.0,1.25,1.4685714285714286,0.0,1.0,-0.1311957030624192,0.1311957030624192,0.4039285714285714,0.5960714285714286,LOWER_COLLAPSE,0.0,0.0
MARKET_ODDS_LE_1.5,actor_horse_jockey_recent_top3_observations,ACTOR,191,16,175,191,100.0,1.25,1.4685714285714286,0.0,1.0,-0.1311957030624192,0.1311957030624192,0.4039285714285714,0.5960714285714286,LOWER_COLLAPSE,0.0,0.0
MARKET_ODDS_LE_1.5,actor_horse_jockey_recent_fallback_level,ACTOR,191,16,175,191,100.0,1.4375,1.2457142857142858,2.0,1.0,0.3236349421282888,0.3236349421282888,0.595,0.595,HIGHER_COLLAPSE,0.0,0.0
